city,time,hour,day,month,weekday,temperature_2m,relative_humidity_2m,pressure_msl,wind_speed_10m,precipitation,cloud_cover,visibility,european_aqi,pm2_5,pm10,carbon_monoxide,nitrogen_dioxide,sulphur_dioxide,ozone,aqi_change_rate,temperature_change,humidity_change,target_24h,target_48h,target_72h
Faisalabad,2026-07-15 00:00:00,0,15,7,Wednesday,30.0,74,999.6,4.8,0.0,2,,111,136.0,204.4,2335.0,79.3,11.4,8.0,,,,111.0,113.0,
Faisalabad,2026-07-15 01:00:00,1,15,7,Wednesday,29.7,75,999.7,6.3,0.0,0,,112,138.8,210.5,1860.0,81.8,10.9,2.0,1.0,-0.3000000000000007,1.0,111.0,110.0,
Faisalabad,2026-07-15 02:00:00,2,15,7,Wednesday,29.4,76,999.4,7.8,0.0,2,,114,137.4,210.0,1435.0,79.6,10.2,2.0,2.0,-0.3000000000000007,1.0,111.0,108.0,
Faisalabad,2026-07-15 03:00:00,3,15,7,Wednesday,29.3,76,998.7,8.8,0.0,0,,115,134.6,208.6,1131.0,69.2,9.1,12.0,1.0,-0.09999999999999787,0.0,111.0,105.0,
Faisalabad,2026-07-15 04:00:00,4,15,7,Wednesday,24.5,95,1001.2,6.0,5.6,100,,117,125.3,190.9,877.0,54.1,7.9,29.0,2.0,-4.800000000000001,19.0,112.0,102.0,
Faisalabad,2026-07-15 05:00:00,5,15,7,Wednesday,25.2,88,1001.0,6.3,4.1,100,,118,61.9,89.9,721.0,18.2,4.9,73.0,1.0,0.6999999999999993,-7.0,112.0,100.0,
Faisalabad,2026-07-15 06:00:00,6,15,7,Wednesday,25.5,90,1001.3,6.7,0.5,62,,117,57.3,86.1,732.0,21.1,5.5,67.0,-1.0,0.3000000000000007,2.0,115.0,97.0,
Faisalabad,2026-07-15 07:00:00,7,15,7,Wednesday,26.3,87,1001.3,6.1,0.0,84,,116,61.2,97.8,842.0,24.8,6.5,61.0,-1.0,0.8000000000000007,-3.0,118.0,94.0,
Faisalabad,2026-07-15 08:00:00,8,15,7,Wednesday,28.2,78,1001.3,2.6,0.0,100,,115,65.0,108.3,895.0,25.5,7.2,68.0,-1.0,1.8999999999999986,-9.0,120.0,92.0,
Faisalabad,2026-07-15 09:00:00,9,15,7,Wednesday,29.7,69,1001.1,1.6,0.0,100,,114,68.5,125.3,817.0,20.1,7.7,100.0,-1.0,1.5,-9.0,121.0,91.0,
Faisalabad,2026-07-15 10:00:00,10,15,7,Wednesday,31.4,62,1001.3,3.2,0.0,12,,114,69.8,136.0,683.0,11.5,8.0,145.0,0.0,1.6999999999999993,-7.0,121.0,90.0,
Faisalabad,2026-07-15 11:00:00,11,15,7,Wednesday,34.2,52,1001.6,8.2,0.0,5,,113,68.9,137.4,561.0,5.1,8.1,178.0,-1.0,2.8000000000000043,-10.0,121.0,90.0,
Faisalabad,2026-07-15 12:00:00,12,15,7,Wednesday,34.8,49,1001.7,6.8,0.0,18,,112,65.4,132.7,469.0,3.0,7.9,187.0,-1.0,0.5999999999999943,-3.0,121.0,89.0,
Faisalabad,2026-07-15 13:00:00,13,15,7,Wednesday,35.6,46,1001.1,4.0,0.1,28,,112,62.2,127.6,390.0,3.0,7.4,185.0,0.0,0.8000000000000043,-3.0,121.0,88.0,
Faisalabad,2026-07-15 14:00:00,14,15,7,Wednesday,35.9,46,1000.7,8.2,0.1,23,,112,59.6,123.4,337.0,3.6,7.1,181.0,0.0,0.29999999999999716,0.0,121.0,88.0,
Faisalabad,2026-07-15 15:00:00,15,15,7,Wednesday,36.1,46,1000.2,7.8,0.0,9,,112,58.4,121.1,305.0,2.3,6.9,183.0,0.0,0.20000000000000284,0.0,121.0,87.0,
Faisalabad,2026-07-15 16:00:00,16,15,7,Wednesday,36.0,46,999.9,6.2,0.0,20,,112,58.3,121.5,300.0,1.5,6.7,183.0,0.0,-0.10000000000000142,0.0,121.0,87.0,
Faisalabad,2026-07-15 17:00:00,17,15,7,Wednesday,35.1,45,999.9,9.8,0.1,100,,112,60.5,129.0,355.0,7.3,6.6,157.0,0.0,-0.8999999999999986,-1.0,121.0,86.0,
Faisalabad,2026-07-15 18:00:00,18,15,7,Wednesday,34.6,46,1000.2,8.2,0.0,100,,111,65.4,121.5,490.0,36.1,8.3,114.0,-1.0,-0.5,1.0,120.0,86.0,
Faisalabad,2026-07-15 19:00:00,19,15,7,Wednesday,34.4,46,1000.2,5.2,0.0,89,,110,85.0,134.1,685.0,75.5,10.7,56.0,-1.0,-0.20000000000000284,0.0,120.0,86.0,
Faisalabad,2026-07-15 20:00:00,20,15,7,Wednesday,34.2,47,1000.5,3.7,0.0,98,,110,109.0,159.7,909.0,103.1,12.7,12.0,0.0,-0.19999999999999574,1.0,119.0,85.0,
Faisalabad,2026-07-15 21:00:00,21,15,7,Wednesday,33.5,51,1000.9,5.4,0.0,41,,110,123.4,171.4,1217.0,107.2,13.8,0.0,0.0,-0.7000000000000028,4.0,118.0,85.0,
Faisalabad,2026-07-15 22:00:00,22,15,7,Wednesday,32.6,56,1001.4,5.6,0.0,8,,111,130.4,176.5,1555.0,99.4,14.3,0.0,1.0,-0.8999999999999986,5.0,117.0,84.0,
Faisalabad,2026-07-15 23:00:00,23,15,7,Wednesday,32.6,58,1001.4,3.5,0.0,3,,111,136.0,183.0,1724.0,92.1,14.7,1.0,0.0,0.0,2.0,115.0,84.0,
Faisalabad,2026-07-16 00:00:00,0,16,7,Thursday,31.5,65,1001.6,2.8,0.0,3,,111,138.3,188.6,1579.0,89.6,14.7,0.0,0.0,-1.1000000000000014,7.0,113.0,,
Faisalabad,2026-07-16 01:00:00,1,16,7,Thursday,30.9,69,1001.5,4.4,0.0,2,,111,138.8,191.4,1266.0,87.6,14.5,0.0,0.0,-0.6000000000000014,4.0,110.0,,
Faisalabad,2026-07-16 02:00:00,2,16,7,Thursday,30.4,71,1001.5,5.6,0.0,2,,111,138.3,193.7,1026.0,85.9,14.5,0.0,0.0,-0.5,2.0,108.0,,
Faisalabad,2026-07-16 03:00:00,3,16,7,Thursday,30.0,71,1001.3,5.9,0.0,1,,111,138.3,196.5,970.0,85.8,14.9,0.0,0.0,-0.3999999999999986,0.0,105.0,,
Faisalabad,2026-07-16 04:00:00,4,16,7,Thursday,29.8,70,1001.1,5.8,0.0,0,,112,139.7,200.2,987.0,86.0,15.4,0.0,1.0,-0.1999999999999993,-1.0,102.0,,
Faisalabad,2026-07-16 05:00:00,5,16,7,Thursday,30.4,68,1001.4,6.0,0.0,0,,112,152.7,205.8,988.0,78.2,13.5,0.0,0.0,0.5999999999999979,-2.0,100.0,,
Faisalabad,2026-07-16 06:00:00,6,16,7,Thursday,30.3,68,1001.9,5.7,0.0,1,,115,145.3,193.7,945.0,65.5,14.4,29.0,3.0,-0.09999999999999787,0.0,97.0,,
Faisalabad,2026-07-16 07:00:00,7,16,7,Thursday,31.3,64,1002.1,4.6,0.0,0,,118,117.8,166.7,885.0,47.7,15.6,71.0,3.0,1.0,-4.0,94.0,,
Faisalabad,2026-07-16 08:00:00,8,16,7,Thursday,33.2,55,1002.1,5.6,0.0,0,,120,87.1,149.9,799.0,32.0,16.1,111.0,2.0,1.9000000000000021,-9.0,92.0,,
Faisalabad,2026-07-16 09:00:00,9,16,7,Thursday,35.0,48,1002.0,4.7,0.0,0,,121,77.3,138.3,661.0,20.7,15.6,150.0,1.0,1.7999999999999972,-7.0,91.0,,
Faisalabad,2026-07-16 10:00:00,10,16,7,Thursday,36.3,44,1002.0,4.4,0.0,1,,121,74.3,135.5,496.0,11.6,14.4,188.0,0.0,1.2999999999999972,-4.0,90.0,,
Faisalabad,2026-07-16 11:00:00,11,16,7,Thursday,37.5,42,1002.2,7.2,0.0,5,,121,70.1,134.6,372.0,5.2,13.0,212.0,0.0,1.2000000000000028,-2.0,90.0,,
Faisalabad,2026-07-16 12:00:00,12,16,7,Thursday,37.8,42,1001.9,7.9,0.0,9,,121,65.4,133.6,319.0,2.5,11.2,212.0,0.0,0.29999999999999716,0.0,89.0,,
Faisalabad,2026-07-16 13:00:00,13,16,7,Thursday,38.4,40,1001.1,8.0,0.0,11,,121,61.9,131.3,307.0,2.7,9.2,196.0,0.0,0.6000000000000014,-2.0,88.0,,
Faisalabad,2026-07-16 14:00:00,14,16,7,Thursday,38.7,39,1000.4,8.6,0.0,12,,121,58.4,129.9,308.0,3.4,7.7,181.0,0.0,0.30000000000000426,-1.0,88.0,,
Faisalabad,2026-07-16 15:00:00,15,16,7,Thursday,38.7,39,999.6,8.6,0.0,16,,121,56.0,129.9,294.0,2.6,6.8,172.0,0.0,0.0,0.0,87.0,,
Faisalabad,2026-07-16 16:00:00,16,16,7,Thursday,38.6,39,999.1,7.6,0.0,13,,121,54.2,129.9,293.0,2.3,6.5,164.0,0.0,-0.10000000000000142,0.0,87.0,,
Faisalabad,2026-07-16 17:00:00,17,16,7,Thursday,38.7,37,999.0,8.4,0.2,18,,121,47.1,122.0,364.0,7.4,6.3,144.0,0.0,0.10000000000000142,-2.0,86.0,,
Faisalabad,2026-07-16 18:00:00,18,16,7,Thursday,37.9,38,998.9,8.2,0.0,16,,120,51.7,113.4,599.0,26.3,7.5,113.0,-1.0,-0.8000000000000043,1.0,86.0,,
Faisalabad,2026-07-16 19:00:00,19,16,7,Thursday,37.3,39,998.9,6.6,0.0,3,,120,64.7,121.5,907.0,51.9,9.2,70.0,0.0,-0.6000000000000014,1.0,86.0,,
Faisalabad,2026-07-16 20:00:00,20,16,7,Thursday,36.4,42,999.2,7.9,0.0,2,,119,78.0,129.5,1072.0,68.6,10.4,39.0,-1.0,-0.8999999999999986,3.0,85.0,,
Faisalabad,2026-07-16 21:00:00,21,16,7,Thursday,35.5,45,999.6,9.7,0.0,2,,118,80.8,125.7,952.0,68.1,10.7,31.0,-1.0,-0.8999999999999986,3.0,85.0,,
Faisalabad,2026-07-16 22:00:00,22,16,7,Thursday,34.5,48,999.8,9.9,0.0,1,,117,76.6,116.6,689.0,58.7,10.5,34.0,-1.0,-1.0,3.0,84.0,,
Faisalabad,2026-07-16 23:00:00,23,16,7,Thursday,35.1,49,999.2,10.2,0.0,2,,115,70.8,108.0,491.0,49.2,10.2,38.0,-2.0,0.6000000000000014,1.0,84.0,,
Faisalabad,2026-07-17 00:00:00,0,17,7,Friday,34.1,52,999.1,9.5,0.0,1,,113,64.3,98.3,450.0,41.8,9.7,41.0,-2.0,-1.0,3.0,,,
Faisalabad,2026-07-17 01:00:00,1,17,7,Friday,33.5,55,999.1,8.9,0.0,1,,110,59.6,91.5,474.0,34.5,8.9,45.0,-3.0,-0.6000000000000014,3.0,,,
Faisalabad,2026-07-17 02:00:00,2,17,7,Friday,33.1,56,999.0,7.7,0.0,0,,108,57.5,88.9,494.0,29.7,8.4,47.0,-2.0,-0.3999999999999986,1.0,,,
Faisalabad,2026-07-17 03:00:00,3,17,7,Friday,32.8,57,998.8,5.8,0.0,3,,105,57.6,90.6,480.0,29.8,8.2,41.0,-3.0,-0.30000000000000426,1.0,,,
Faisalabad,2026-07-17 04:00:00,4,17,7,Friday,32.3,59,998.9,5.8,0.0,1,,102,59.4,94.8,462.0,32.6,8.3,31.0,-3.0,-0.5,2.0,,,
Faisalabad,2026-07-17 05:00:00,5,17,7,Friday,32.2,60,999.1,8.3,0.0,0,,100,61.2,97.6,463.0,33.7,8.9,34.0,-2.0,-0.09999999999999432,1.0,,,
Faisalabad,2026-07-17 06:00:00,6,17,7,Friday,31.4,63,999.8,8.8,0.0,0,,97,61.5,97.1,513.0,31.6,9.3,51.0,-3.0,-0.8000000000000043,3.0,,,
Faisalabad,2026-07-17 07:00:00,7,17,7,Friday,32.1,61,1000.1,8.1,0.0,2,,94,63.3,94.8,581.0,28.4,9.9,76.0,-3.0,0.7000000000000028,-2.0,,,
Faisalabad,2026-07-17 08:00:00,8,17,7,Friday,33.6,54,1000.4,10.6,0.0,3,,92,63.1,104.3,601.0,24.1,10.3,100.0,-2.0,1.5,-7.0,,,
Faisalabad,2026-07-17 09:00:00,9,17,7,Friday,35.1,47,1000.7,11.3,0.0,19,,91,56.3,102.7,525.0,17.6,10.5,125.0,-1.0,1.5,-7.0,,,
Faisalabad,2026-07-17 10:00:00,10,17,7,Friday,36.3,43,1000.8,11.2,0.0,2,,90,50.5,94.1,400.0,9.9,10.5,150.0,-1.0,1.1999999999999957,-4.0,,,
Faisalabad,2026-07-17 11:00:00,11,17,7,Friday,37.7,39,1001.0,11.4,0.0,5,,90,47.3,91.3,301.0,4.3,10.1,165.0,0.0,1.4000000000000057,-4.0,,,
Faisalabad,2026-07-17 12:00:00,12,17,7,Friday,38.2,38,1000.7,11.1,0.0,65,,89,44.6,90.1,257.0,2.3,9.0,163.0,-1.0,0.5,-1.0,,,
Faisalabad,2026-07-17 13:00:00,13,17,7,Friday,38.6,37,1000.0,11.4,0.0,40,,88,42.5,92.2,239.0,2.3,7.5,152.0,-1.0,0.3999999999999986,-1.0,,,
Faisalabad,2026-07-17 14:00:00,14,17,7,Friday,38.9,36,999.1,11.6,0.0,2,,88,41.9,97.3,233.0,2.9,6.3,141.0,0.0,0.29999999999999716,-1.0,,,
Faisalabad,2026-07-17 15:00:00,15,17,7,Friday,39.1,35,998.5,11.5,0.0,1,,87,42.0,101.0,237.0,2.5,5.6,136.0,-1.0,0.20000000000000284,-1.0,,,
Faisalabad,2026-07-17 16:00:00,16,17,7,Friday,38.7,36,998.1,12.0,0.0,0,,87,42.6,102.9,254.0,2.7,5.2,132.0,0.0,-0.3999999999999986,1.0,,,
Faisalabad,2026-07-17 17:00:00,17,17,7,Friday,38.3,36,997.8,12.8,0.0,14,,86,42.7,103.4,279.0,6.4,5.0,119.0,-1.0,-0.4000000000000057,0.0,,,
Faisalabad,2026-07-17 18:00:00,18,17,7,Friday,37.5,38,997.8,11.8,0.0,2,,86,46.1,95.7,304.0,17.2,6.0,100.0,0.0,-0.7999999999999972,2.0,,,
Faisalabad,2026-07-17 19:00:00,19,17,7,Friday,36.8,40,998.0,10.6,0.0,3,,86,52.5,93.8,338.0,31.9,7.3,74.0,0.0,-0.7000000000000028,2.0,,,
Faisalabad,2026-07-17 20:00:00,20,17,7,Friday,36.2,44,998.3,8.6,0.0,2,,85,59.3,96.4,400.0,42.1,8.4,54.0,-1.0,-0.5999999999999943,4.0,,,
Faisalabad,2026-07-17 21:00:00,21,17,7,Friday,35.4,48,999.0,7.3,0.0,2,,85,62.4,97.1,527.0,43.2,8.9,47.0,0.0,-0.8000000000000043,4.0,,,
Faisalabad,2026-07-17 22:00:00,22,17,7,Friday,34.6,51,999.3,6.8,0.0,3,,84,62.4,95.9,683.0,39.9,9.2,46.0,-1.0,-0.7999999999999972,3.0,,,
Faisalabad,2026-07-17 23:00:00,23,17,7,Friday,34.7,53,999.1,7.7,0.0,41,,84,60.1,93.4,780.0,37.3,9.2,45.0,0.0,0.10000000000000142,2.0,,,
Gujranwala,2026-07-15 00:00:00,0,15,7,Wednesday,29.0,70,1000.2,8.5,0.0,100,,98,109.2,157.4,912.0,65.6,12.5,40.0,,,,102.0,95.0,
Gujranwala,2026-07-15 01:00:00,1,15,7,Wednesday,28.8,70,1000.4,6.1,0.0,84,,98,114.1,163.9,875.0,72.4,13.3,31.0,0.0,-0.1999999999999993,0.0,101.0,95.0,
Gujranwala,2026-07-15 02:00:00,2,15,7,Wednesday,28.1,75,1000.3,4.3,0.0,94,,99,117.3,166.7,852.0,76.4,13.6,23.0,1.0,-0.6999999999999993,5.0,99.0,95.0,
Gujranwala,2026-07-15 03:00:00,3,15,7,Wednesday,27.7,78,999.9,3.4,0.0,77,,100,119.7,166.2,868.0,78.0,13.5,13.0,1.0,-0.40000000000000213,3.0,98.0,95.0,
Gujranwala,2026-07-15 04:00:00,4,15,7,Wednesday,27.4,79,1000.0,3.5,0.0,27,,101,120.1,159.3,898.0,76.9,13.0,4.0,1.0,-0.3000000000000007,1.0,96.0,95.0,
Gujranwala,2026-07-15 05:00:00,5,15,7,Wednesday,27.1,76,1000.4,8.1,0.0,100,,101,86.8,111.5,909.0,36.4,11.0,47.0,0.0,-0.29999999999999716,-3.0,95.0,95.0,
Gujranwala,2026-07-15 06:00:00,6,15,7,Wednesday,27.0,74,1000.6,9.3,0.0,100,,102,82.2,101.7,889.0,30.3,10.3,59.0,1.0,-0.10000000000000142,-2.0,95.0,94.0,
Gujranwala,2026-07-15 07:00:00,7,15,7,Wednesday,27.3,72,1001.0,7.7,0.0,95,,103,68.7,91.5,850.0,21.9,9.4,78.0,1.0,0.3000000000000007,-2.0,95.0,93.0,
Gujranwala,2026-07-15 08:00:00,8,15,7,Wednesday,28.1,71,1001.6,0.8,0.0,88,,103,65.9,106.9,797.0,14.6,9.7,101.0,0.0,0.8000000000000007,-1.0,96.0,93.0,
Gujranwala,2026-07-15 09:00:00,9,15,7,Wednesday,29.1,67,1001.8,3.8,0.0,41,,103,66.8,120.6,727.0,9.8,12.5,134.0,0.0,1.0,-4.0,96.0,93.0,
Gujranwala,2026-07-15 10:00:00,10,15,7,Wednesday,31.4,59,1001.7,3.5,0.0,81,,103,66.4,122.5,643.0,6.1,16.5,171.0,0.0,2.299999999999997,-8.0,95.0,93.0,
Gujranwala,2026-07-15 11:00:00,11,15,7,Wednesday,28.0,86,1002.3,2.6,0.0,88,,103,65.4,122.5,564.0,3.6,19.0,198.0,0.0,-3.3999999999999986,27.0,95.0,93.0,
Gujranwala,2026-07-15 12:00:00,12,15,7,Wednesday,31.4,62,1002.2,2.4,0.0,23,,103,62.6,117.1,490.0,2.4,18.5,205.0,0.0,3.3999999999999986,-24.0,95.0,93.0,
Gujranwala,2026-07-15 13:00:00,13,15,7,Wednesday,33.2,53,1001.6,3.3,0.0,16,,103,58.4,109.2,420.0,2.3,16.5,201.0,0.0,1.8000000000000043,-9.0,95.0,93.0,
Gujranwala,2026-07-15 14:00:00,14,15,7,Wednesday,33.8,54,1001.3,3.3,0.1,46,,103,56.5,105.2,369.0,2.6,14.8,195.0,0.0,0.5999999999999943,1.0,95.0,93.0,
Gujranwala,2026-07-15 15:00:00,15,15,7,Wednesday,33.9,55,1000.6,3.2,0.1,24,,103,54.0,100.4,329.0,1.4,13.8,193.0,0.0,0.10000000000000142,1.0,95.0,92.0,
Gujranwala,2026-07-15 16:00:00,16,15,7,Wednesday,34.1,55,1000.3,2.3,0.0,9,,103,51.7,95.0,307.0,0.6,13.1,189.0,0.0,0.20000000000000284,0.0,95.0,92.0,
Gujranwala,2026-07-15 17:00:00,17,15,7,Wednesday,34.6,44,1000.0,5.0,0.0,48,,104,50.8,96.6,341.0,4.3,10.3,156.0,1.0,0.5,-11.0,95.0,92.0,
Gujranwala,2026-07-15 18:00:00,18,15,7,Wednesday,33.3,54,1000.1,5.2,0.0,9,,103,52.9,92.4,469.0,16.9,11.4,136.0,-1.0,-1.3000000000000043,10.0,95.0,91.0,
Gujranwala,2026-07-15 19:00:00,19,15,7,Wednesday,31.5,67,1000.4,3.6,0.0,4,,103,60.8,99.4,653.0,34.3,13.0,108.0,0.0,-1.7999999999999972,13.0,95.0,91.0,
Gujranwala,2026-07-15 20:00:00,20,15,7,Wednesday,30.6,73,1000.9,3.7,0.0,2,,102,76.4,115.5,812.0,47.3,14.1,85.0,-1.0,-0.8999999999999986,6.0,95.0,90.0,
Gujranwala,2026-07-15 21:00:00,21,15,7,Wednesday,30.4,75,1001.6,3.0,0.0,2,,103,86.4,123.9,939.0,51.8,14.4,71.0,1.0,-0.20000000000000284,2.0,95.0,89.0,
Gujranwala,2026-07-15 22:00:00,22,15,7,Wednesday,30.2,76,1002.0,1.9,0.0,2,,103,85.7,118.0,1041.0,51.9,14.2,62.0,0.0,-0.1999999999999993,1.0,95.0,88.0,
Gujranwala,2026-07-15 23:00:00,23,15,7,Wednesday,29.9,74,1001.9,4.1,0.0,1,,103,80.8,109.2,1065.0,50.2,13.8,55.0,0.0,-0.3000000000000007,-2.0,95.0,87.0,
Gujranwala,2026-07-16 00:00:00,0,16,7,Thursday,29.4,78,1001.8,2.5,0.0,1,,102,74.0,98.5,945.0,46.1,13.0,53.0,-1.0,-0.5,4.0,95.0,,
Gujranwala,2026-07-16 01:00:00,1,16,7,Thursday,29.0,80,1001.7,2.2,0.0,0,,101,70.1,91.3,747.0,40.3,11.9,53.0,-1.0,-0.3999999999999986,2.0,95.0,,
Gujranwala,2026-07-16 02:00:00,2,16,7,Thursday,28.4,84,1001.8,0.8,0.0,0,,99,69.4,88.7,610.0,37.4,11.0,51.0,-2.0,-0.6000000000000014,4.0,95.0,,
Gujranwala,2026-07-16 03:00:00,3,16,7,Thursday,27.7,89,1001.9,2.3,0.0,9,,98,72.4,90.6,601.0,41.4,10.5,38.0,-1.0,-0.6999999999999993,5.0,95.0,,
Gujranwala,2026-07-16 04:00:00,4,16,7,Thursday,27.6,90,1001.7,0.7,0.0,0,,96,77.8,94.3,654.0,48.4,10.2,22.0,-2.0,-0.09999999999999787,1.0,95.0,,
Gujranwala,2026-07-16 05:00:00,5,16,7,Thursday,28.1,86,1001.8,2.1,0.0,0,,95,88.9,112.9,703.0,53.4,11.7,26.0,-1.0,0.5,-4.0,95.0,,
Gujranwala,2026-07-16 06:00:00,6,16,7,Thursday,28.3,84,1002.1,3.2,0.0,0,,95,92.4,114.6,743.0,42.1,14.2,61.0,0.0,0.1999999999999993,-2.0,94.0,,
Gujranwala,2026-07-16 07:00:00,7,16,7,Thursday,29.9,76,1002.3,2.2,0.0,0,,95,83.6,105.0,781.0,26.5,17.7,109.0,0.0,1.5999999999999979,-8.0,93.0,,
Gujranwala,2026-07-16 08:00:00,8,16,7,Thursday,31.5,66,1002.2,2.7,0.0,0,,96,63.8,95.2,771.0,14.1,20.5,151.0,1.0,1.6000000000000014,-10.0,93.0,,
Gujranwala,2026-07-16 09:00:00,9,16,7,Thursday,33.0,60,1002.1,3.1,0.0,1,,96,61.0,94.3,673.0,8.2,22.1,180.0,0.0,1.5,-6.0,93.0,,
Gujranwala,2026-07-16 10:00:00,10,16,7,Thursday,34.2,53,1002.1,2.6,0.0,0,,95,61.0,94.1,527.0,5.4,23.0,202.0,-1.0,1.2000000000000028,-7.0,93.0,,
Gujranwala,2026-07-16 11:00:00,11,16,7,Thursday,34.8,52,1002.5,3.6,0.0,11,,95,60.5,94.3,410.0,3.7,22.6,215.0,0.0,0.5999999999999943,-1.0,93.0,,
Gujranwala,2026-07-16 12:00:00,12,16,7,Thursday,35.4,51,1002.1,4.7,0.1,13,,95,57.7,92.4,350.0,2.5,19.9,214.0,0.0,0.6000000000000014,-1.0,93.0,,
Gujranwala,2026-07-16 13:00:00,13,16,7,Thursday,35.6,51,1001.4,6.6,0.0,22,,95,57.2,92.4,319.0,2.2,15.9,203.0,0.0,0.20000000000000284,0.0,93.0,,
Gujranwala,2026-07-16 14:00:00,14,16,7,Thursday,35.9,51,1000.8,7.7,0.0,10,,95,53.4,86.8,304.0,2.4,12.6,193.0,0.0,0.29999999999999716,0.0,93.0,,
Gujranwala,2026-07-16 15:00:00,15,16,7,Thursday,35.9,51,1000.1,8.4,0.0,5,,95,52.2,85.7,297.0,1.1,10.9,191.0,0.0,0.0,0.0,92.0,,
Gujranwala,2026-07-16 16:00:00,16,16,7,Thursday,35.7,50,999.6,8.6,0.0,20,,95,51.7,86.4,307.0,0.2,9.9,190.0,0.0,-0.19999999999999574,-1.0,92.0,,
Gujranwala,2026-07-16 17:00:00,17,16,7,Thursday,34.3,53,999.8,4.0,0.6,20,,95,50.2,88.2,349.0,4.6,10.1,180.0,0.0,-1.4000000000000057,3.0,92.0,,
Gujranwala,2026-07-16 18:00:00,18,16,7,Thursday,33.9,58,999.4,2.6,0.0,9,,95,56.1,86.6,454.0,20.1,11.1,150.0,0.0,-0.3999999999999986,5.0,91.0,,
Gujranwala,2026-07-16 19:00:00,19,16,7,Thursday,33.5,62,999.2,1.2,0.0,3,,95,66.1,96.6,592.0,41.4,12.6,109.0,0.0,-0.3999999999999986,4.0,91.0,,
Gujranwala,2026-07-16 20:00:00,20,16,7,Thursday,32.8,65,999.4,0.5,0.0,3,,95,82.0,111.1,689.0,56.1,13.6,78.0,0.0,-0.7000000000000028,3.0,90.0,,
Gujranwala,2026-07-16 21:00:00,21,16,7,Thursday,31.5,73,999.7,5.8,0.0,4,,95,85.9,112.0,713.0,57.9,13.9,69.0,0.0,-1.2999999999999972,8.0,89.0,,
Gujranwala,2026-07-16 22:00:00,22,16,7,Thursday,31.0,72,1000.0,8.0,0.0,2,,95,82.7,107.6,697.0,53.1,13.8,70.0,0.0,-0.5,-1.0,88.0,,
Gujranwala,2026-07-16 23:00:00,23,16,7,Thursday,31.5,71,999.5,6.7,0.0,2,,95,78.2,102.7,667.0,48.4,13.4,69.0,0.0,0.5,-1.0,87.0,,
Gujranwala,2026-07-17 00:00:00,0,17,7,Friday,30.9,73,999.4,7.2,0.0,2,,95,74.3,99.2,615.0,45.7,12.4,62.0,0.0,-0.6000000000000014,2.0,,,
Gujranwala,2026-07-17 01:00:00,1,17,7,Friday,30.6,73,999.3,7.5,0.0,10,,95,71.7,98.0,550.0,43.1,11.1,53.0,0.0,-0.29999999999999716,0.0,,,
Gujranwala,2026-07-17 02:00:00,2,17,7,Friday,30.2,74,999.2,7.2,0.0,44,,95,70.8,99.4,522.0,42.0,9.9,43.0,0.0,-0.40000000000000213,1.0,,,
Gujranwala,2026-07-17 03:00:00,3,17,7,Friday,29.9,75,999.1,8.8,0.0,38,,95,71.0,102.2,572.0,44.7,8.9,29.0,0.0,-0.3000000000000007,1.0,,,
Gujranwala,2026-07-17 04:00:00,4,17,7,Friday,29.8,78,999.2,2.3,0.0,17,,95,72.9,105.2,659.0,49.0,8.0,14.0,0.0,-0.09999999999999787,3.0,,,
Gujranwala,2026-07-17 05:00:00,5,17,7,Friday,29.8,78,999.6,3.5,0.0,33,,95,66.8,112.2,711.0,39.5,7.5,28.0,0.0,0.0,0.0,,,
Gujranwala,2026-07-17 06:00:00,6,17,7,Friday,29.7,81,1000.1,3.5,0.0,28,,94,67.8,110.4,693.0,34.0,8.3,48.0,-1.0,-0.10000000000000142,3.0,,,
Gujranwala,2026-07-17 07:00:00,7,17,7,Friday,30.7,79,1000.7,5.6,0.0,17,,93,68.2,108.0,641.0,26.1,9.5,76.0,-1.0,1.0,-2.0,,,
Gujranwala,2026-07-17 08:00:00,8,17,7,Friday,31.5,73,1001.1,10.3,0.0,9,,93,66.6,115.9,583.0,18.9,10.8,105.0,0.0,0.8000000000000007,-6.0,,,
Gujranwala,2026-07-17 09:00:00,9,17,7,Friday,32.7,68,1001.4,10.0,0.0,4,,93,65.7,122.0,528.0,13.0,12.6,135.0,0.0,1.2000000000000028,-5.0,,,
Gujranwala,2026-07-17 10:00:00,10,17,7,Friday,33.9,63,1001.4,9.3,0.0,5,,93,62.4,122.9,467.0,7.7,14.5,165.0,0.0,1.1999999999999957,-5.0,,,
Gujranwala,2026-07-17 11:00:00,11,17,7,Friday,35.1,55,1001.5,4.4,0.0,15,,93,58.4,119.7,410.0,3.9,15.5,184.0,0.0,1.2000000000000028,-8.0,,,
Gujranwala,2026-07-17 12:00:00,12,17,7,Friday,35.9,51,1001.0,4.5,0.1,6,,93,54.4,114.1,355.0,2.2,14.8,185.0,0.0,0.7999999999999972,-4.0,,,
Gujranwala,2026-07-17 13:00:00,13,17,7,Friday,36.7,47,1000.2,4.5,0.0,5,,93,50.1,105.0,304.0,1.9,13.0,174.0,0.0,0.8000000000000043,-4.0,,,
Gujranwala,2026-07-17 14:00:00,14,17,7,Friday,37.1,45,999.3,6.9,0.0,2,,93,45.2,94.1,266.0,2.2,11.4,162.0,0.0,0.3999999999999986,-2.0,,,
Gujranwala,2026-07-17 15:00:00,15,17,7,Friday,37.1,45,998.6,9.2,0.0,6,,92,41.9,86.6,234.0,2.3,10.1,153.0,-1.0,0.0,0.0,,,
Gujranwala,2026-07-17 16:00:00,16,17,7,Friday,36.9,45,998.2,8.6,0.0,3,,92,40.2,83.6,216.0,3.1,9.0,143.0,0.0,-0.20000000000000284,0.0,,,
Gujranwala,2026-07-17 17:00:00,17,17,7,Friday,37.0,43,997.9,6.9,0.0,7,,92,38.5,80.3,248.0,5.6,7.0,123.0,0.0,0.10000000000000142,-2.0,,,
Gujranwala,2026-07-17 18:00:00,18,17,7,Friday,35.7,55,997.9,4.4,0.0,5,,91,42.8,78.5,377.0,12.9,7.0,104.0,-1.0,-1.2999999999999972,12.0,,,
Gujranwala,2026-07-17 19:00:00,19,17,7,Friday,34.6,64,998.1,1.0,0.0,8,,91,49.4,86.6,556.0,22.8,7.0,78.0,0.0,-1.1000000000000014,9.0,,,
Gujranwala,2026-07-17 20:00:00,20,17,7,Friday,33.3,69,998.6,2.1,0.0,8,,90,54.4,92.2,674.0,29.5,6.9,58.0,-1.0,-1.3000000000000043,5.0,,,
Gujranwala,2026-07-17 21:00:00,21,17,7,Friday,32.2,72,999.3,6.5,0.0,4,,89,55.5,97.3,674.0,29.6,6.6,51.0,-1.0,-1.0999999999999943,3.0,,,
Gujranwala,2026-07-17 22:00:00,22,17,7,Friday,31.9,68,999.5,7.7,0.0,4,,88,56.5,104.8,612.0,26.4,6.2,50.0,-1.0,-0.30000000000000426,-4.0,,,
Gujranwala,2026-07-17 23:00:00,23,17,7,Friday,32.2,65,999.3,9.1,0.0,5,,87,57.2,111.5,555.0,24.0,5.9,49.0,-1.0,0.30000000000000426,-3.0,,,
Hyderabad,2026-07-15 00:00:00,0,15,7,Wednesday,28.6,78,1001.8,18.5,0.0,80,,67,16.7,37.3,132.0,5.7,7.0,40.0,,,,66.0,68.0,
Hyderabad,2026-07-15 01:00:00,1,15,7,Wednesday,28.4,79,1001.6,19.1,0.0,30,,67,15.7,36.3,117.0,5.1,6.7,41.0,0.0,-0.20000000000000284,1.0,66.0,68.0,
Hyderabad,2026-07-15 02:00:00,2,15,7,Wednesday,28.0,80,1001.3,18.9,0.0,16,,67,15.4,35.7,108.0,4.7,6.5,41.0,0.0,-0.3999999999999986,1.0,67.0,68.0,
Hyderabad,2026-07-15 03:00:00,3,15,7,Wednesday,27.8,80,1001.1,17.6,0.0,14,,67,15.4,37.7,107.0,4.5,6.3,40.0,0.0,-0.1999999999999993,0.0,67.0,67.0,
Hyderabad,2026-07-15 04:00:00,4,15,7,Wednesday,27.6,80,1000.7,16.2,0.0,27,,67,14.5,35.0,112.0,4.5,6.0,39.0,0.0,-0.1999999999999993,0.0,67.0,67.0,
Hyderabad,2026-07-15 05:00:00,5,15,7,Wednesday,28.4,79,1000.5,17.6,0.0,58,,67,14.6,31.1,129.0,4.8,6.4,39.0,0.0,0.7999999999999972,-1.0,67.0,67.0,
Hyderabad,2026-07-15 06:00:00,6,15,7,Wednesday,28.2,78,1000.6,17.6,0.0,46,,67,13.4,29.2,168.0,4.6,6.4,39.0,0.0,-0.1999999999999993,-1.0,67.0,67.0,
Hyderabad,2026-07-15 07:00:00,7,15,7,Wednesday,28.5,78,1001.1,17.9,0.0,6,,67,13.5,31.0,217.0,4.3,6.4,40.0,0.0,0.3000000000000007,0.0,67.0,67.0,
Hyderabad,2026-07-15 08:00:00,8,15,7,Wednesday,29.6,70,1001.5,18.8,0.0,5,,66,15.1,36.9,249.0,3.8,6.4,44.0,-1.0,1.1000000000000014,-8.0,67.0,67.0,
Hyderabad,2026-07-15 09:00:00,9,15,7,Wednesday,31.3,61,1001.8,20.0,0.0,7,,66,19.7,54.5,247.0,3.1,6.3,52.0,0.0,1.6999999999999993,-9.0,67.0,67.0,
Hyderabad,2026-07-15 10:00:00,10,15,7,Wednesday,32.8,54,1001.9,19.8,0.0,4,,66,20.8,57.9,227.0,2.2,6.1,62.0,0.0,1.4999999999999964,-7.0,67.0,66.0,
Hyderabad,2026-07-15 11:00:00,11,15,7,Wednesday,34.2,48,1001.9,19.1,0.0,5,,66,24.4,69.2,209.0,1.6,5.9,72.0,0.0,1.4000000000000057,-6.0,68.0,66.0,
Hyderabad,2026-07-15 12:00:00,12,15,7,Wednesday,35.4,45,1001.6,18.2,0.0,5,,65,28.1,82.2,198.0,1.3,5.7,81.0,-1.0,1.1999999999999957,-3.0,68.0,66.0,
Hyderabad,2026-07-15 13:00:00,13,15,7,Wednesday,36.3,42,1001.1,18.0,0.0,5,,65,30.6,92.7,188.0,1.2,5.5,89.0,0.0,0.8999999999999986,-3.0,68.0,65.0,
Hyderabad,2026-07-15 14:00:00,14,15,7,Wednesday,36.8,41,1000.5,18.9,0.0,4,,64,32.1,100.4,183.0,1.2,5.4,93.0,-1.0,0.5,-1.0,68.0,65.0,
Hyderabad,2026-07-15 15:00:00,15,15,7,Wednesday,36.7,40,1000.4,20.2,0.0,1,,64,32.9,104.5,185.0,1.3,5.2,92.0,0.0,-0.09999999999999432,-1.0,68.0,64.0,
Hyderabad,2026-07-15 16:00:00,16,15,7,Wednesday,36.1,41,1000.0,19.8,0.0,67,,65,32.7,105.5,191.0,1.6,5.1,88.0,1.0,-0.6000000000000014,1.0,68.0,64.0,
Hyderabad,2026-07-15 17:00:00,17,15,7,Wednesday,35.0,44,1000.6,19.5,0.0,92,,65,35.9,103.6,196.0,2.0,5.3,91.0,0.0,-1.1000000000000014,3.0,68.0,63.0,
Hyderabad,2026-07-15 18:00:00,18,15,7,Wednesday,33.8,47,1000.5,18.2,0.0,77,,65,34.9,96.9,197.0,2.7,5.6,82.0,0.0,-1.2000000000000028,3.0,68.0,62.0,
Hyderabad,2026-07-15 19:00:00,19,15,7,Wednesday,32.9,50,1001.0,17.1,0.0,16,,65,33.8,86.4,196.0,3.6,6.0,70.0,0.0,-0.8999999999999986,3.0,68.0,62.0,
Hyderabad,2026-07-15 20:00:00,20,15,7,Wednesday,31.9,54,1001.7,17.4,0.0,1,,65,32.6,79.4,192.0,4.5,6.4,59.0,0.0,-1.0,4.0,68.0,61.0,
Hyderabad,2026-07-15 21:00:00,21,15,7,Wednesday,30.7,61,1002.2,18.9,0.0,5,,65,31.8,75.4,182.0,5.2,7.0,52.0,0.0,-1.1999999999999993,7.0,68.0,61.0,
Hyderabad,2026-07-15 22:00:00,22,15,7,Wednesday,29.7,68,1003.0,17.0,0.0,2,,65,31.0,71.2,168.0,5.7,7.6,46.0,0.0,-1.0,7.0,68.0,60.0,
Hyderabad,2026-07-15 23:00:00,23,15,7,Wednesday,29.3,73,1003.5,16.2,0.0,1,,66,29.6,66.4,154.0,6.1,8.0,42.0,1.0,-0.3999999999999986,5.0,68.0,60.0,
Hyderabad,2026-07-16 00:00:00,0,16,7,Thursday,28.7,77,1003.4,15.8,0.0,2,,66,27.5,60.3,139.0,6.1,8.2,40.0,0.0,-0.6000000000000014,4.0,68.0,,
Hyderabad,2026-07-16 01:00:00,1,16,7,Thursday,28.3,79,1003.0,15.0,0.0,2,,66,24.9,53.0,124.0,5.9,8.1,40.0,0.0,-0.3999999999999986,2.0,68.0,,
Hyderabad,2026-07-16 02:00:00,2,16,7,Thursday,28.0,82,1002.8,14.0,0.0,5,,67,21.8,46.1,116.0,5.9,8.1,40.0,1.0,-0.3000000000000007,3.0,68.0,,
Hyderabad,2026-07-16 03:00:00,3,16,7,Thursday,27.6,84,1002.7,13.6,0.0,29,,67,19.4,42.3,115.0,6.3,8.1,38.0,0.0,-0.3999999999999986,2.0,67.0,,
Hyderabad,2026-07-16 04:00:00,4,16,7,Thursday,27.4,85,1002.5,13.1,0.0,50,,67,18.3,39.7,121.0,6.8,8.0,36.0,0.0,-0.20000000000000284,1.0,67.0,,
Hyderabad,2026-07-16 05:00:00,5,16,7,Thursday,27.7,86,1002.5,13.8,0.0,6,,67,17.8,37.1,136.0,7.1,8.6,36.0,0.0,0.3000000000000007,1.0,67.0,,
Hyderabad,2026-07-16 06:00:00,6,16,7,Thursday,27.5,86,1002.9,13.0,0.0,2,,67,17.1,35.0,172.0,6.4,8.6,38.0,0.0,-0.1999999999999993,0.0,67.0,,
Hyderabad,2026-07-16 07:00:00,7,16,7,Thursday,28.1,82,1003.4,14.3,0.0,8,,67,17.2,36.4,219.0,5.5,8.5,41.0,0.0,0.6000000000000014,-4.0,67.0,,
Hyderabad,2026-07-16 08:00:00,8,16,7,Thursday,29.3,75,1003.8,15.2,0.0,8,,67,18.0,42.6,245.0,4.5,8.3,46.0,0.0,1.1999999999999993,-7.0,67.0,,
Hyderabad,2026-07-16 09:00:00,9,16,7,Thursday,31.0,65,1003.9,16.2,0.0,13,,67,20.6,56.8,233.0,3.5,7.7,55.0,0.0,1.6999999999999993,-10.0,67.0,,
Hyderabad,2026-07-16 10:00:00,10,16,7,Thursday,32.7,57,1003.8,16.9,0.0,18,,67,22.6,68.2,201.0,2.4,6.9,67.0,0.0,1.7000000000000028,-8.0,66.0,,
Hyderabad,2026-07-16 11:00:00,11,16,7,Thursday,34.4,50,1003.7,15.8,0.0,37,,68,25.2,76.8,176.0,1.6,6.3,77.0,1.0,1.6999999999999957,-7.0,66.0,,
Hyderabad,2026-07-16 12:00:00,12,16,7,Thursday,36.1,44,1003.1,14.0,0.0,56,,68,28.0,85.7,169.0,1.3,6.1,86.0,0.0,1.7000000000000028,-6.0,66.0,,
Hyderabad,2026-07-16 13:00:00,13,16,7,Thursday,37.5,39,1002.2,13.0,0.0,69,,68,30.7,94.3,169.0,1.2,6.1,93.0,0.0,1.3999999999999986,-5.0,65.0,,
Hyderabad,2026-07-16 14:00:00,14,16,7,Thursday,38.2,37,1001.5,14.2,0.0,65,,68,33.5,102.9,172.0,1.3,6.1,98.0,0.0,0.7000000000000028,-2.0,65.0,,
Hyderabad,2026-07-16 15:00:00,15,16,7,Thursday,37.3,40,1000.9,17.6,0.0,27,,68,34.8,107.1,178.0,1.5,6.0,99.0,0.0,-0.9000000000000057,3.0,64.0,,
Hyderabad,2026-07-16 16:00:00,16,16,7,Thursday,36.7,41,1000.7,15.8,0.0,61,,68,34.5,104.3,187.0,1.8,5.9,98.0,0.0,-0.5999999999999943,1.0,64.0,,
Hyderabad,2026-07-16 17:00:00,17,16,7,Thursday,36.5,43,1001.0,13.5,0.0,75,,68,40.0,123.4,192.0,2.2,5.9,91.0,0.0,-0.20000000000000284,2.0,63.0,,
Hyderabad,2026-07-16 18:00:00,18,16,7,Thursday,34.4,50,1001.2,18.7,0.0,70,,68,38.0,109.4,190.0,2.8,6.3,83.0,0.0,-2.1000000000000014,7.0,62.0,,
Hyderabad,2026-07-16 19:00:00,19,16,7,Thursday,32.8,55,1001.7,20.2,0.0,10,,68,34.5,89.9,185.0,3.6,7.0,72.0,0.0,-1.6000000000000014,5.0,62.0,,
Hyderabad,2026-07-16 20:00:00,20,16,7,Thursday,31.8,59,1002.0,18.4,0.0,0,,68,30.3,76.8,179.0,4.4,7.6,61.0,0.0,-0.9999999999999964,4.0,61.0,,
Hyderabad,2026-07-16 21:00:00,21,16,7,Thursday,30.7,64,1002.7,18.2,0.0,0,,68,27.0,68.5,173.0,5.3,8.2,52.0,0.0,-1.1000000000000014,5.0,61.0,,
Hyderabad,2026-07-16 22:00:00,22,16,7,Thursday,29.8,68,1003.3,16.9,0.0,0,,68,24.8,61.2,166.0,6.2,8.7,45.0,0.0,-0.8999999999999986,4.0,60.0,,
Hyderabad,2026-07-16 23:00:00,23,16,7,Thursday,29.4,71,1003.4,15.3,0.0,0,,68,23.2,55.4,158.0,6.9,9.1,39.0,0.0,-0.40000000000000213,3.0,60.0,,
Hyderabad,2026-07-17 00:00:00,0,17,7,Friday,28.7,75,1002.8,15.3,0.0,1,,68,21.8,51.0,147.0,7.1,9.2,37.0,0.0,-0.6999999999999993,4.0,,,
Hyderabad,2026-07-17 01:00:00,1,17,7,Friday,28.3,78,1002.7,16.2,0.0,4,,68,20.1,45.8,135.0,7.1,9.2,37.0,0.0,-0.3999999999999986,3.0,,,
Hyderabad,2026-07-17 02:00:00,2,17,7,Friday,28.0,80,1002.3,15.8,0.0,10,,68,17.6,39.3,130.0,7.0,9.0,37.0,0.0,-0.3000000000000007,2.0,,,
Hyderabad,2026-07-17 03:00:00,3,17,7,Friday,27.8,81,1001.9,15.2,0.0,9,,67,15.0,32.8,132.0,6.9,8.6,36.0,-1.0,-0.1999999999999993,1.0,,,
Hyderabad,2026-07-17 04:00:00,4,17,7,Friday,27.6,83,1001.8,14.8,0.0,13,,67,13.3,28.9,141.0,6.8,8.1,36.0,0.0,-0.1999999999999993,2.0,,,
Hyderabad,2026-07-17 05:00:00,5,17,7,Friday,27.8,83,1002.0,13.8,0.0,4,,67,13.3,28.8,158.0,7.9,9.1,34.0,0.0,0.1999999999999993,0.0,,,
Hyderabad,2026-07-17 06:00:00,6,17,7,Friday,27.6,84,1002.3,14.2,0.0,5,,67,12.5,26.4,195.0,7.1,8.8,36.0,0.0,-0.1999999999999993,1.0,,,
Hyderabad,2026-07-17 07:00:00,7,17,7,Friday,28.2,81,1002.7,15.6,0.0,5,,67,12.6,27.4,241.0,5.9,8.4,39.0,0.0,0.5999999999999979,-3.0,,,
Hyderabad,2026-07-17 08:00:00,8,17,7,Friday,29.4,74,1003.1,17.2,0.0,13,,67,14.3,33.2,266.0,4.8,7.9,44.0,0.0,1.1999999999999993,-7.0,,,
Hyderabad,2026-07-17 09:00:00,9,17,7,Friday,31.1,64,1003.3,19.7,0.0,22,,67,16.3,41.4,251.0,3.7,7.4,53.0,0.0,1.7000000000000028,-10.0,,,
Hyderabad,2026-07-17 10:00:00,10,17,7,Friday,32.8,57,1003.1,19.9,0.0,54,,66,18.7,49.6,216.0,2.6,6.9,63.0,-1.0,1.6999999999999957,-7.0,,,
Hyderabad,2026-07-17 11:00:00,11,17,7,Friday,34.3,50,1003.1,18.4,0.0,58,,66,21.5,56.7,192.0,1.8,6.5,73.0,0.0,1.5,-7.0,,,
Hyderabad,2026-07-17 12:00:00,12,17,7,Friday,35.4,46,1002.6,17.6,0.0,24,,66,24.4,64.5,195.0,1.4,6.3,81.0,0.0,1.1000000000000014,-4.0,,,
Hyderabad,2026-07-17 13:00:00,13,17,7,Friday,36.5,43,1001.6,17.2,0.0,0,,65,26.5,68.7,208.0,1.3,6.2,89.0,-1.0,1.1000000000000014,-3.0,,,
Hyderabad,2026-07-17 14:00:00,14,17,7,Friday,37.2,41,1000.8,18.0,0.0,2,,65,27.7,71.0,216.0,1.3,6.1,93.0,0.0,0.7000000000000028,-2.0,,,
Hyderabad,2026-07-17 15:00:00,15,17,7,Friday,37.3,41,1000.0,19.6,0.0,2,,64,27.5,69.8,210.0,1.4,6.0,93.0,-1.0,0.09999999999999432,0.0,,,
Hyderabad,2026-07-17 16:00:00,16,17,7,Friday,36.4,44,999.7,21.3,0.0,2,,64,27.0,67.5,198.0,1.6,5.9,90.0,0.0,-0.8999999999999986,3.0,,,
Hyderabad,2026-07-17 17:00:00,17,17,7,Friday,34.8,50,1000.3,22.7,0.0,34,,63,28.1,69.8,188.0,2.2,5.9,87.0,-1.0,-1.6000000000000014,6.0,,,
Hyderabad,2026-07-17 18:00:00,18,17,7,Friday,32.9,55,1000.5,21.8,0.0,0,,62,27.8,66.8,182.0,2.9,6.1,78.0,-1.0,-1.8999999999999986,5.0,,,
Hyderabad,2026-07-17 19:00:00,19,17,7,Friday,31.8,58,1001.0,21.1,0.0,0,,62,27.0,62.2,178.0,3.8,6.5,66.0,0.0,-1.0999999999999979,3.0,,,
Hyderabad,2026-07-17 20:00:00,20,17,7,Friday,30.7,62,1001.6,21.3,0.0,0,,61,25.6,57.6,175.0,4.7,6.8,56.0,-1.0,-1.1000000000000014,4.0,,,
Hyderabad,2026-07-17 21:00:00,21,17,7,Friday,29.7,66,1002.5,20.9,0.0,0,,61,24.2,53.8,175.0,5.3,7.1,50.0,0.0,-1.0,4.0,,,
Hyderabad,2026-07-17 22:00:00,22,17,7,Friday,29.1,69,1003.1,19.3,0.0,3,,60,22.9,49.2,176.0,5.9,7.4,46.0,-1.0,-0.5999999999999979,3.0,,,
Hyderabad,2026-07-17 23:00:00,23,17,7,Friday,28.9,70,1002.9,19.2,0.0,11,,60,21.1,44.1,176.0,6.2,7.6,43.0,0.0,-0.20000000000000284,1.0,,,
Islamabad,2026-07-15 00:00:00,0,15,7,Wednesday,26.9,75,1001.6,5.2,0.0,22,,65,50.8,54.2,744.0,87.7,8.2,11.0,,,,71.0,77.0,
Islamabad,2026-07-15 01:00:00,1,15,7,Wednesday,26.5,78,1002.0,3.0,0.0,9,,65,45.3,47.8,602.0,69.8,6.3,21.0,0.0,-0.3999999999999986,3.0,71.0,77.0,
Islamabad,2026-07-15 02:00:00,2,15,7,Wednesday,26.2,78,1001.8,2.7,0.0,2,,66,41.2,43.5,499.0,54.0,4.7,30.0,1.0,-0.3000000000000007,0.0,71.0,78.0,
Islamabad,2026-07-15 03:00:00,3,15,7,Wednesday,25.8,80,1001.4,4.2,0.0,10,,66,37.5,39.7,443.0,42.8,3.6,33.0,0.0,-0.3999999999999986,2.0,71.0,78.0,
Islamabad,2026-07-15 04:00:00,4,15,7,Wednesday,25.5,81,1001.4,3.6,0.0,9,,67,34.0,36.0,425.0,33.7,2.9,34.0,1.0,-0.3000000000000007,1.0,72.0,78.0,
Islamabad,2026-07-15 05:00:00,5,15,7,Wednesday,25.9,79,1001.6,2.7,0.0,2,,67,38.4,41.2,455.0,34.1,3.5,37.0,0.0,0.3999999999999986,-2.0,72.0,78.0,
Islamabad,2026-07-15 06:00:00,6,15,7,Wednesday,26.1,76,1001.8,3.5,0.0,7,,67,36.0,38.5,575.0,32.1,4.6,63.0,0.0,0.20000000000000284,-3.0,72.0,78.0,
Islamabad,2026-07-15 07:00:00,7,15,7,Wednesday,27.3,70,1001.9,3.5,0.0,1,,68,33.6,36.4,742.0,29.1,6.3,99.0,1.0,1.1999999999999993,-6.0,72.0,78.0,
Islamabad,2026-07-15 08:00:00,8,15,7,Wednesday,29.2,62,1002.4,3.0,0.0,14,,68,27.8,36.2,842.0,25.0,8.8,134.0,0.0,1.8999999999999986,-8.0,73.0,78.0,
Islamabad,2026-07-15 09:00:00,9,15,7,Wednesday,30.9,54,1002.3,4.1,0.0,0,,68,29.4,42.0,805.0,18.9,13.0,165.0,0.0,1.6999999999999993,-8.0,73.0,79.0,
Islamabad,2026-07-15 10:00:00,10,15,7,Wednesday,32.3,50,1002.4,6.6,0.0,0,,71,32.2,46.3,700.0,11.8,17.9,193.0,3.0,1.3999999999999986,-4.0,73.0,79.0,
Islamabad,2026-07-15 11:00:00,11,15,7,Wednesday,32.9,48,1002.7,4.2,0.0,13,,75,34.9,50.8,616.0,6.5,20.8,213.0,4.0,0.6000000000000014,-2.0,76.0,79.0,
Islamabad,2026-07-15 12:00:00,12,15,7,Wednesday,33.5,48,1002.2,5.8,0.1,9,,76,36.2,53.0,578.0,4.4,19.8,220.0,1.0,0.6000000000000014,0.0,76.0,80.0,
Islamabad,2026-07-15 13:00:00,13,15,7,Wednesday,33.9,47,1001.6,7.0,0.0,7,,76,36.1,53.0,560.0,4.2,16.7,219.0,0.0,0.3999999999999986,-1.0,74.0,80.0,
Islamabad,2026-07-15 14:00:00,14,15,7,Wednesday,34.2,47,1001.5,6.6,0.0,19,,75,36.4,54.2,574.0,4.9,14.2,215.0,-1.0,0.30000000000000426,0.0,75.0,80.0,
Islamabad,2026-07-15 15:00:00,15,15,7,Wednesday,34.0,48,1000.9,6.1,0.1,16,,75,35.3,53.4,608.0,4.7,13.4,212.0,0.0,-0.20000000000000284,1.0,75.0,80.0,
Islamabad,2026-07-15 16:00:00,16,15,7,Wednesday,32.6,56,1000.9,8.0,1.0,61,,74,35.6,55.1,673.0,5.3,13.3,206.0,-1.0,-1.3999999999999986,8.0,75.0,80.0,
Islamabad,2026-07-15 17:00:00,17,15,7,Wednesday,33.5,46,1001.0,10.5,0.5,30,,70,34.5,47.7,819.0,11.8,10.7,182.0,-4.0,0.8999999999999986,-10.0,75.0,80.0,
Islamabad,2026-07-15 18:00:00,18,15,7,Wednesday,29.8,62,1001.8,9.0,0.2,11,,71,38.6,46.0,1132.0,29.4,10.5,148.0,1.0,-3.6999999999999993,16.0,75.0,80.0,
Islamabad,2026-07-15 19:00:00,19,15,7,Wednesday,28.5,69,1002.2,6.3,0.1,5,,71,41.4,46.8,1526.0,53.7,10.2,101.0,0.0,-1.3000000000000007,7.0,75.0,80.0,
Islamabad,2026-07-15 20:00:00,20,15,7,Wednesday,28.2,74,1002.5,3.8,0.0,13,,71,45.3,50.1,1788.0,71.9,9.7,63.0,0.0,-0.3000000000000007,5.0,75.0,80.0,
Islamabad,2026-07-15 21:00:00,21,15,7,Wednesday,28.1,74,1003.0,5.7,0.0,25,,71,47.0,51.0,1826.0,79.1,8.9,42.0,0.0,-0.09999999999999787,0.0,76.0,80.0,
Islamabad,2026-07-15 22:00:00,22,15,7,Wednesday,27.8,74,1003.2,4.1,0.0,45,,71,49.6,52.4,1731.0,80.2,8.0,30.0,0.0,-0.3000000000000007,0.0,76.0,80.0,
Islamabad,2026-07-15 23:00:00,23,15,7,Wednesday,28.0,73,1003.0,4.9,0.0,0,,71,51.9,54.0,1568.0,77.5,7.0,24.0,0.0,0.1999999999999993,-1.0,77.0,80.0,
Islamabad,2026-07-16 00:00:00,0,16,7,Thursday,27.5,73,1003.2,4.7,0.0,2,,71,51.5,53.0,1307.0,70.3,5.8,23.0,0.0,-0.5,0.0,77.0,,
Islamabad,2026-07-16 01:00:00,1,16,7,Thursday,27.2,73,1003.2,3.9,0.0,6,,71,49.5,50.9,978.0,59.4,4.6,27.0,0.0,-0.3000000000000007,0.0,77.0,,
Islamabad,2026-07-16 02:00:00,2,16,7,Thursday,26.8,74,1003.2,3.7,0.0,6,,71,47.0,48.9,729.0,48.9,3.7,33.0,0.0,-0.3999999999999986,1.0,78.0,,
Islamabad,2026-07-16 03:00:00,3,16,7,Thursday,26.4,74,1003.1,4.0,0.0,4,,71,44.5,46.6,618.0,39.5,3.3,38.0,0.0,-0.40000000000000213,0.0,78.0,,
Islamabad,2026-07-16 04:00:00,4,16,7,Thursday,26.2,74,1003.1,3.5,0.0,5,,72,41.8,43.9,587.0,30.6,3.3,43.0,1.0,-0.1999999999999993,0.0,78.0,,
Islamabad,2026-07-16 05:00:00,5,16,7,Thursday,26.9,73,1003.3,2.2,0.0,17,,72,46.4,48.8,611.0,35.4,3.6,34.0,0.0,0.6999999999999993,-1.0,78.0,,
Islamabad,2026-07-16 06:00:00,6,16,7,Thursday,27.0,72,1003.5,3.9,0.0,0,,72,45.9,48.9,734.0,33.4,5.3,62.0,0.0,0.10000000000000142,-1.0,78.0,,
Islamabad,2026-07-16 07:00:00,7,16,7,Thursday,28.3,69,1003.6,3.5,0.0,0,,72,44.6,47.8,913.0,30.5,7.8,102.0,0.0,1.3000000000000007,-3.0,78.0,,
Islamabad,2026-07-16 08:00:00,8,16,7,Thursday,30.2,59,1003.5,2.7,0.0,0,,73,35.4,43.1,993.0,26.3,10.6,139.0,1.0,1.8999999999999986,-10.0,78.0,,
Islamabad,2026-07-16 09:00:00,9,16,7,Thursday,31.8,55,1003.1,2.2,0.0,0,,73,38.2,51.3,873.0,19.9,14.4,170.0,0.0,1.6000000000000014,-4.0,79.0,,
Islamabad,2026-07-16 10:00:00,10,16,7,Thursday,33.3,51,1002.8,5.0,0.0,0,,73,41.7,60.5,653.0,12.3,18.5,199.0,0.0,1.4999999999999964,-4.0,79.0,,
Islamabad,2026-07-16 11:00:00,11,16,7,Thursday,34.2,48,1003.0,7.5,0.0,0,,76,44.9,70.8,481.0,6.6,20.4,216.0,3.0,0.9000000000000057,-3.0,79.0,,
Islamabad,2026-07-16 12:00:00,12,16,7,Thursday,35.0,45,1002.3,8.0,0.0,4,,76,45.4,74.5,406.0,4.4,18.4,217.0,0.0,0.7999999999999972,-3.0,80.0,,
Islamabad,2026-07-16 13:00:00,13,16,7,Thursday,35.8,43,1001.7,6.7,0.0,29,,74,44.2,73.8,379.0,4.1,14.3,206.0,-2.0,0.7999999999999972,-2.0,80.0,,
Islamabad,2026-07-16 14:00:00,14,16,7,Thursday,35.9,43,1001.2,6.7,0.0,27,,75,42.3,71.5,402.0,4.4,11.0,195.0,1.0,0.10000000000000142,0.0,80.0,,
Islamabad,2026-07-16 15:00:00,15,16,7,Thursday,35.8,43,1000.7,5.6,0.0,15,,75,40.9,69.8,450.0,1.6,9.6,190.0,0.0,-0.10000000000000142,0.0,80.0,,
Islamabad,2026-07-16 16:00:00,16,16,7,Thursday,35.7,42,1000.3,7.1,0.0,20,,75,39.6,69.2,548.0,0.0,9.1,184.0,0.0,-0.09999999999999432,-1.0,80.0,,
Islamabad,2026-07-16 17:00:00,17,16,7,Thursday,35.8,42,999.8,7.7,0.0,27,,75,36.9,67.1,773.0,7.4,9.4,166.0,0.0,0.09999999999999432,0.0,80.0,,
Islamabad,2026-07-16 18:00:00,18,16,7,Thursday,34.6,45,999.8,8.6,0.0,11,,75,40.4,66.6,1269.0,37.4,10.3,123.0,0.0,-1.1999999999999957,3.0,80.0,,
Islamabad,2026-07-16 19:00:00,19,16,7,Thursday,33.1,51,999.9,6.8,0.0,5,,75,48.4,71.9,1891.0,78.4,11.6,63.0,0.0,-1.5,6.0,80.0,,
Islamabad,2026-07-16 20:00:00,20,16,7,Thursday,31.9,56,1000.0,4.2,0.0,2,,75,59.4,83.4,2284.0,107.2,12.4,19.0,0.0,-1.2000000000000028,5.0,80.0,,
Islamabad,2026-07-16 21:00:00,21,16,7,Thursday,31.6,57,1000.3,3.1,0.0,1,,76,61.7,84.5,2268.0,113.3,12.4,5.0,1.0,-0.29999999999999716,1.0,80.0,,
Islamabad,2026-07-16 22:00:00,22,16,7,Thursday,31.4,59,1000.7,0.8,0.0,0,,76,63.3,84.5,2022.0,107.1,12.0,6.0,0.0,-0.20000000000000284,2.0,80.0,,
Islamabad,2026-07-16 23:00:00,23,16,7,Thursday,30.9,64,1000.3,0.9,0.0,0,,77,63.3,80.6,1729.0,96.4,11.3,13.0,1.0,-0.5,5.0,80.0,,
Islamabad,2026-07-17 00:00:00,0,17,7,Friday,29.9,68,1000.3,3.6,0.0,1,,77,59.1,73.1,1408.0,81.2,10.3,25.0,0.0,-1.0,4.0,,,
Islamabad,2026-07-17 01:00:00,1,17,7,Friday,29.2,69,1000.1,5.8,0.0,5,,77,55.4,68.2,1041.0,61.6,9.1,42.0,0.0,-0.6999999999999993,1.0,,,
Islamabad,2026-07-17 02:00:00,2,17,7,Friday,28.8,71,1000.1,3.7,0.0,9,,78,52.5,64.7,749.0,45.3,8.2,57.0,1.0,-0.3999999999999986,2.0,,,
Islamabad,2026-07-17 03:00:00,3,17,7,Friday,28.7,70,1000.3,5.7,0.0,19,,78,49.4,61.5,579.0,35.6,7.7,64.0,0.0,-0.10000000000000142,-1.0,,,
Islamabad,2026-07-17 04:00:00,4,17,7,Friday,28.4,71,1000.4,7.6,0.0,19,,78,46.6,58.7,484.0,29.4,7.5,69.0,0.0,-0.3000000000000007,1.0,,,
Islamabad,2026-07-17 05:00:00,5,17,7,Friday,28.8,70,1000.7,7.5,0.0,3,,78,48.8,61.7,453.0,29.1,7.7,70.0,0.0,0.40000000000000213,-1.0,,,
Islamabad,2026-07-17 06:00:00,6,17,7,Friday,28.7,70,1001.3,7.1,0.0,3,,78,47.0,60.1,518.0,25.5,9.1,90.0,0.0,-0.10000000000000142,0.0,,,
Islamabad,2026-07-17 07:00:00,7,17,7,Friday,30.2,66,1001.8,7.5,0.0,5,,78,44.4,62.2,647.0,20.3,11.1,118.0,0.0,1.5,-4.0,,,
Islamabad,2026-07-17 08:00:00,8,17,7,Friday,31.4,64,1002.0,8.9,0.0,1,,78,46.8,80.8,723.0,15.6,12.8,142.0,0.0,1.1999999999999993,-2.0,,,
Islamabad,2026-07-17 09:00:00,9,17,7,Friday,32.6,60,1002.0,9.6,0.0,1,,79,50.9,92.7,685.0,11.7,14.0,159.0,1.0,1.2000000000000028,-4.0,,,
Islamabad,2026-07-17 10:00:00,10,17,7,Friday,33.7,56,1001.9,8.6,0.1,29,,79,51.7,95.9,595.0,8.1,14.9,172.0,0.0,1.1000000000000014,-4.0,,,
Islamabad,2026-07-17 11:00:00,11,17,7,Friday,34.3,52,1002.1,7.5,0.3,34,,79,51.3,98.5,523.0,5.5,15.2,181.0,0.0,0.5999999999999943,-4.0,,,
Islamabad,2026-07-17 12:00:00,12,17,7,Friday,34.6,52,1001.8,6.1,0.3,31,,80,47.7,91.0,491.0,4.2,14.4,187.0,1.0,0.30000000000000426,0.0,,,
Islamabad,2026-07-17 13:00:00,13,17,7,Friday,35.3,49,1001.3,5.3,0.2,20,,80,44.6,83.6,477.0,3.9,12.9,189.0,0.0,0.6999999999999957,-3.0,,,
Islamabad,2026-07-17 14:00:00,14,17,7,Friday,35.5,47,1000.4,5.0,0.1,13,,80,42.0,77.3,482.0,4.3,11.7,188.0,0.0,0.20000000000000284,-2.0,,,
Islamabad,2026-07-17 15:00:00,15,17,7,Friday,35.8,45,999.9,3.4,0.0,2,,80,40.6,73.1,500.0,4.2,11.2,186.0,0.0,0.29999999999999716,-2.0,,,
Islamabad,2026-07-17 16:00:00,16,17,7,Friday,35.7,45,999.3,3.8,0.0,2,,80,39.9,71.2,537.0,4.9,11.1,182.0,0.0,-0.09999999999999432,0.0,,,
Islamabad,2026-07-17 17:00:00,17,17,7,Friday,36.6,41,998.3,5.4,0.0,4,,80,46.4,86.4,619.0,9.4,10.9,165.0,0.0,0.8999999999999986,-4.0,,,
Islamabad,2026-07-17 18:00:00,18,17,7,Friday,35.5,43,998.5,8.1,0.0,23,,80,47.4,76.1,800.0,22.5,11.0,139.0,0.0,-1.1000000000000014,2.0,,,
Islamabad,2026-07-17 19:00:00,19,17,7,Friday,33.4,55,999.0,11.4,0.0,15,,80,50.2,75.4,1026.0,40.6,11.1,102.0,0.0,-2.1000000000000014,12.0,,,
Islamabad,2026-07-17 20:00:00,20,17,7,Friday,32.4,59,999.4,8.5,0.0,5,,80,51.9,77.8,1156.0,54.9,11.1,72.0,0.0,-1.0,4.0,,,
Islamabad,2026-07-17 21:00:00,21,17,7,Friday,31.6,63,1000.3,7.7,0.0,5,,80,55.1,82.9,1115.0,62.2,10.8,53.0,0.0,-0.7999999999999972,4.0,,,
Islamabad,2026-07-17 22:00:00,22,17,7,Friday,30.9,67,1000.7,8.1,0.0,8,,80,58.4,85.9,978.0,65.7,10.3,41.0,0.0,-0.7000000000000028,4.0,,,
Islamabad,2026-07-17 23:00:00,23,17,7,Friday,31.1,69,1000.2,8.8,0.0,20,,80,60.5,86.8,836.0,65.6,9.8,34.0,0.0,0.20000000000000284,2.0,,,
Karachi,2026-07-15 00:00:00,0,15,7,Wednesday,28.2,80,1002.9,14.8,0.0,26,,62,18.2,42.4,167.0,10.0,5.4,38.0,,,,62.0,61.0,
Karachi,2026-07-15 01:00:00,1,15,7,Wednesday,27.9,81,1002.7,15.0,0.0,45,,62,17.4,41.3,142.0,7.8,4.9,40.0,0.0,-0.3000000000000007,1.0,62.0,61.0,
Karachi,2026-07-15 02:00:00,2,15,7,Wednesday,27.6,85,1002.1,16.1,0.0,95,,62,16.7,39.9,125.0,6.2,4.5,41.0,0.0,-0.29999999999999716,4.0,62.0,61.0,
Karachi,2026-07-15 03:00:00,3,15,7,Wednesday,27.6,86,1001.9,15.7,0.0,99,,62,16.2,38.2,116.0,5.4,4.4,41.0,0.0,0.0,1.0,62.0,61.0,
Karachi,2026-07-15 04:00:00,4,15,7,Wednesday,27.4,87,1001.6,14.0,0.0,87,,62,15.9,37.1,115.0,5.1,4.5,41.0,0.0,-0.20000000000000284,1.0,62.0,61.0,
Karachi,2026-07-15 05:00:00,5,15,7,Wednesday,28.0,84,1001.9,13.0,0.0,90,,62,15.2,32.6,129.0,5.9,4.8,40.0,0.0,0.6000000000000014,-3.0,62.0,60.0,
Karachi,2026-07-15 06:00:00,6,15,7,Wednesday,28.0,81,1001.7,13.2,0.0,71,,61,15.7,34.0,176.0,7.6,5.3,39.0,-1.0,0.0,-3.0,62.0,60.0,
Karachi,2026-07-15 07:00:00,7,15,7,Wednesday,28.3,79,1002.3,13.8,0.0,43,,61,17.3,38.9,238.0,9.8,6.0,38.0,0.0,0.3000000000000007,-2.0,62.0,60.0,
Karachi,2026-07-15 08:00:00,8,15,7,Wednesday,29.0,74,1002.5,15.9,0.0,69,,61,18.2,43.9,276.0,10.8,6.5,39.0,0.0,0.6999999999999993,-5.0,62.0,60.0,
Karachi,2026-07-15 09:00:00,9,15,7,Wednesday,29.7,71,1002.9,15.9,0.1,54,,61,21.1,51.6,264.0,9.6,6.5,46.0,0.0,0.6999999999999993,-3.0,62.0,60.0,
Karachi,2026-07-15 10:00:00,10,15,7,Wednesday,30.4,68,1003.1,15.7,0.1,66,,61,21.8,54.0,227.0,7.2,6.2,55.0,0.0,0.6999999999999993,-3.0,62.0,60.0,
Karachi,2026-07-15 11:00:00,11,15,7,Wednesday,30.9,66,1003.3,16.4,0.2,74,,61,23.0,57.4,199.0,5.3,5.9,62.0,0.0,0.5,-2.0,62.0,60.0,
Karachi,2026-07-15 12:00:00,12,15,7,Wednesday,30.7,68,1003.1,16.5,0.1,54,,60,28.9,79.6,192.0,4.5,5.8,65.0,-1.0,-0.1999999999999993,2.0,62.0,60.0,
Karachi,2026-07-15 13:00:00,13,15,7,Wednesday,30.9,68,1002.8,17.1,0.0,44,,60,23.9,58.4,195.0,4.3,5.7,66.0,0.0,0.1999999999999993,0.0,62.0,60.0,
Karachi,2026-07-15 14:00:00,14,15,7,Wednesday,31.0,67,1002.3,16.2,0.0,41,,59,23.9,56.9,203.0,4.5,5.6,65.0,-1.0,0.10000000000000142,-1.0,62.0,59.0,
Karachi,2026-07-15 15:00:00,15,15,7,Wednesday,30.7,67,1002.3,15.9,0.1,56,,59,24.2,57.3,221.0,5.3,5.5,61.0,0.0,-0.3000000000000007,0.0,62.0,59.0,
Karachi,2026-07-15 16:00:00,16,15,7,Wednesday,30.2,69,1002.0,15.5,0.1,55,,59,25.1,59.8,245.0,6.7,5.5,55.0,0.0,-0.5,2.0,62.0,58.0,
Karachi,2026-07-15 17:00:00,17,15,7,Wednesday,30.5,68,1002.2,15.5,0.2,68,,59,32.6,83.8,261.0,7.0,5.5,54.0,0.0,0.3000000000000007,-1.0,62.0,58.0,
Karachi,2026-07-15 18:00:00,18,15,7,Wednesday,29.7,72,1002.2,13.8,0.1,68,,60,31.4,78.5,263.0,9.0,5.8,50.0,1.0,-0.8000000000000007,4.0,62.0,56.0,
Karachi,2026-07-15 19:00:00,19,15,7,Wednesday,29.1,76,1002.3,13.7,0.0,98,,60,31.3,77.3,257.0,11.7,6.3,43.0,0.0,-0.5999999999999979,4.0,62.0,54.0,
Karachi,2026-07-15 20:00:00,20,15,7,Wednesday,28.6,79,1002.7,13.6,0.0,95,,61,28.4,67.8,248.0,14.1,6.7,38.0,1.0,-0.5,3.0,62.0,53.0,
Karachi,2026-07-15 21:00:00,21,15,7,Wednesday,28.2,82,1003.2,12.5,0.0,91,,61,27.1,62.2,239.0,16.1,7.2,35.0,0.0,-0.40000000000000213,3.0,61.0,52.0,
Karachi,2026-07-15 22:00:00,22,15,7,Wednesday,28.0,83,1003.7,13.1,0.1,61,,61,25.2,56.0,226.0,17.7,7.6,32.0,0.0,-0.1999999999999993,1.0,61.0,51.0,
Karachi,2026-07-15 23:00:00,23,15,7,Wednesday,28.1,83,1004.0,11.2,0.1,50,,62,24.0,51.3,210.0,18.1,7.8,31.0,1.0,0.10000000000000142,0.0,61.0,49.0,
Karachi,2026-07-16 00:00:00,0,16,7,Thursday,27.9,84,1003.9,9.9,0.0,35,,62,22.8,48.3,185.0,16.4,7.4,32.0,0.0,-0.20000000000000284,1.0,61.0,,
Karachi,2026-07-16 01:00:00,1,16,7,Thursday,27.7,85,1003.8,9.2,0.0,30,,62,21.5,45.9,156.0,13.6,6.6,34.0,0.0,-0.1999999999999993,1.0,61.0,,
Karachi,2026-07-16 02:00:00,2,16,7,Thursday,27.5,85,1003.4,9.2,0.0,25,,62,20.3,43.4,136.0,11.4,6.2,35.0,0.0,-0.1999999999999993,0.0,61.0,,
Karachi,2026-07-16 03:00:00,3,16,7,Thursday,27.2,87,1003.2,9.5,0.0,56,,62,19.4,41.7,125.0,10.8,6.3,34.0,0.0,-0.3000000000000007,2.0,61.0,,
Karachi,2026-07-16 04:00:00,4,16,7,Thursday,27.3,87,1002.9,10.0,0.0,52,,62,18.7,39.8,122.0,10.8,6.7,32.0,0.0,0.10000000000000142,0.0,61.0,,
Karachi,2026-07-16 05:00:00,5,16,7,Thursday,27.5,89,1003.1,9.6,0.0,27,,62,17.9,35.6,139.0,9.7,6.7,34.0,0.0,0.1999999999999993,2.0,60.0,,
Karachi,2026-07-16 06:00:00,6,16,7,Thursday,27.3,90,1003.6,9.2,0.0,29,,62,17.5,36.0,195.0,10.1,7.0,35.0,0.0,-0.1999999999999993,1.0,60.0,,
Karachi,2026-07-16 07:00:00,7,16,7,Thursday,27.3,90,1004.1,11.3,0.1,45,,62,18.6,42.4,270.0,10.7,7.4,37.0,0.0,0.0,0.0,60.0,,
Karachi,2026-07-16 08:00:00,8,16,7,Thursday,28.6,82,1004.4,12.9,0.1,28,,62,18.0,44.0,314.0,10.5,7.6,41.0,0.0,1.3000000000000007,-8.0,60.0,,
Karachi,2026-07-16 09:00:00,9,16,7,Thursday,29.6,75,1004.6,13.2,0.0,56,,62,18.3,47.4,296.0,9.0,7.3,48.0,0.0,1.0,-7.0,60.0,,
Karachi,2026-07-16 10:00:00,10,16,7,Thursday,30.2,71,1004.7,14.4,0.1,100,,62,19.2,52.5,247.0,6.7,6.8,58.0,0.0,0.5999999999999979,-4.0,60.0,,
Karachi,2026-07-16 11:00:00,11,16,7,Thursday,31.1,66,1004.8,13.3,0.2,92,,62,20.7,59.3,210.0,5.0,6.4,65.0,0.0,0.9000000000000021,-5.0,60.0,,
Karachi,2026-07-16 12:00:00,12,16,7,Thursday,31.2,66,1004.4,12.9,0.0,41,,62,21.6,61.7,200.0,4.3,6.3,69.0,0.0,0.09999999999999787,0.0,60.0,,
Karachi,2026-07-16 13:00:00,13,16,7,Thursday,31.6,65,1003.8,13.4,0.0,72,,62,21.7,61.2,202.0,4.1,6.4,71.0,0.0,0.40000000000000213,-1.0,60.0,,
Karachi,2026-07-16 14:00:00,14,16,7,Thursday,31.1,67,1003.5,13.7,0.0,29,,62,21.8,61.5,210.0,4.2,6.4,71.0,0.0,-0.5,2.0,59.0,,
Karachi,2026-07-16 15:00:00,15,16,7,Thursday,31.0,68,1003.0,14.0,0.0,16,,62,21.8,60.8,227.0,4.6,6.3,68.0,0.0,-0.10000000000000142,1.0,59.0,,
Karachi,2026-07-16 16:00:00,16,16,7,Thursday,30.6,69,1002.9,13.6,0.0,37,,62,20.4,56.3,250.0,5.4,6.2,64.0,0.0,-0.3999999999999986,1.0,58.0,,
Karachi,2026-07-16 17:00:00,17,16,7,Thursday,30.2,70,1003.2,12.9,0.1,58,,62,28.3,85.9,264.0,7.1,6.4,56.0,0.0,-0.40000000000000213,1.0,58.0,,
Karachi,2026-07-16 18:00:00,18,16,7,Thursday,29.6,72,1003.1,11.2,0.0,28,,62,25.8,74.5,262.0,9.0,6.5,51.0,0.0,-0.5999999999999979,2.0,56.0,,
Karachi,2026-07-16 19:00:00,19,16,7,Thursday,29.2,74,1003.3,10.4,0.0,34,,62,23.7,63.3,251.0,11.6,6.7,43.0,0.0,-0.40000000000000213,2.0,54.0,,
Karachi,2026-07-16 20:00:00,20,16,7,Thursday,28.7,77,1003.4,11.2,0.0,32,,62,22.5,57.5,239.0,13.9,7.0,37.0,0.0,-0.5,3.0,53.0,,
Karachi,2026-07-16 21:00:00,21,16,7,Thursday,28.5,79,1003.7,12.0,0.0,36,,61,22.0,55.2,228.0,15.7,7.5,33.0,-1.0,-0.1999999999999993,2.0,52.0,,
Karachi,2026-07-16 22:00:00,22,16,7,Thursday,28.3,80,1004.2,11.8,0.1,47,,61,21.9,51.8,217.0,17.1,8.1,31.0,0.0,-0.1999999999999993,1.0,51.0,,
Karachi,2026-07-16 23:00:00,23,16,7,Thursday,28.4,81,1004.2,11.0,0.1,34,,61,19.6,43.8,202.0,17.5,8.3,30.0,0.0,0.09999999999999787,1.0,49.0,,
Karachi,2026-07-17 00:00:00,0,17,7,Friday,28.0,82,1003.8,11.5,0.1,42,,61,18.5,40.3,182.0,16.1,7.8,31.0,0.0,-0.3999999999999986,1.0,,,
Karachi,2026-07-17 01:00:00,1,17,7,Friday,27.7,84,1003.6,11.7,0.1,30,,61,17.1,36.2,158.0,13.6,6.9,33.0,0.0,-0.3000000000000007,2.0,,,
Karachi,2026-07-17 02:00:00,2,17,7,Friday,27.8,83,1003.2,11.2,0.0,14,,61,16.6,36.1,141.0,11.3,6.2,35.0,0.0,0.10000000000000142,-1.0,,,
Karachi,2026-07-17 03:00:00,3,17,7,Friday,27.4,85,1002.8,12.1,0.0,41,,61,15.6,32.9,128.0,9.6,5.9,36.0,0.0,-0.40000000000000213,2.0,,,
Karachi,2026-07-17 04:00:00,4,17,7,Friday,27.3,86,1002.6,12.7,0.1,52,,61,15.0,32.1,121.0,8.2,5.8,37.0,0.0,-0.09999999999999787,1.0,,,
Karachi,2026-07-17 05:00:00,5,17,7,Friday,27.7,86,1002.7,12.4,0.0,41,,60,14.5,31.8,132.0,8.3,6.1,37.0,-1.0,0.3999999999999986,0.0,,,
Karachi,2026-07-17 06:00:00,6,17,7,Friday,27.5,87,1003.3,11.4,0.1,41,,60,14.8,32.7,181.0,8.9,6.4,38.0,0.0,-0.1999999999999993,1.0,,,
Karachi,2026-07-17 07:00:00,7,17,7,Friday,27.9,85,1003.7,13.6,0.1,45,,60,16.6,39.1,248.0,9.6,6.8,39.0,0.0,0.3999999999999986,-2.0,,,
Karachi,2026-07-17 08:00:00,8,17,7,Friday,28.7,79,1004.0,14.6,0.1,46,,60,16.7,40.4,287.0,9.7,7.0,42.0,0.0,0.8000000000000007,-6.0,,,
Karachi,2026-07-17 09:00:00,9,17,7,Friday,29.7,73,1004.3,14.2,0.1,29,,60,19.5,46.9,270.0,8.7,6.7,47.0,0.0,1.0,-6.0,,,
Karachi,2026-07-17 10:00:00,10,17,7,Friday,30.5,69,1004.3,15.0,0.1,54,,60,21.0,51.5,225.0,7.1,6.2,53.0,0.0,0.8000000000000007,-4.0,,,
Karachi,2026-07-17 11:00:00,11,17,7,Friday,31.2,64,1004.4,15.1,0.1,62,,60,21.4,53.2,192.0,5.7,5.8,59.0,0.0,0.6999999999999993,-5.0,,,
Karachi,2026-07-17 12:00:00,12,17,7,Friday,31.0,65,1004.3,14.7,0.1,80,,60,22.6,56.2,186.0,4.6,5.6,64.0,0.0,-0.1999999999999993,1.0,,,
Karachi,2026-07-17 13:00:00,13,17,7,Friday,31.0,66,1003.6,15.1,0.0,81,,60,22.5,53.7,191.0,3.7,5.4,69.0,0.0,0.0,1.0,,,
Karachi,2026-07-17 14:00:00,14,17,7,Friday,30.6,69,1003.0,16.9,0.1,84,,59,23.5,56.6,201.0,3.3,5.3,71.0,-1.0,-0.3999999999999986,3.0,,,
Karachi,2026-07-17 15:00:00,15,17,7,Friday,30.4,72,1002.3,18.8,0.1,47,,59,23.0,53.3,217.0,3.7,5.2,67.0,0.0,-0.20000000000000284,3.0,,,
Karachi,2026-07-17 16:00:00,16,17,7,Friday,30.3,71,1002.3,17.4,0.0,13,,58,23.1,52.7,237.0,4.7,5.1,60.0,-1.0,-0.09999999999999787,-1.0,,,
Karachi,2026-07-17 17:00:00,17,17,7,Friday,30.3,68,1002.2,16.8,0.0,13,,58,23.9,57.9,249.0,6.2,5.0,53.0,0.0,0.0,-3.0,,,
Karachi,2026-07-17 18:00:00,18,17,7,Friday,29.5,71,1002.1,16.6,0.0,11,,56,23.2,53.9,244.0,8.2,5.2,49.0,-2.0,-0.8000000000000007,3.0,,,
Karachi,2026-07-17 19:00:00,19,17,7,Friday,28.9,74,1002.5,16.5,0.0,64,,54,22.8,51.5,231.0,10.8,5.6,44.0,-2.0,-0.6000000000000014,3.0,,,
Karachi,2026-07-17 20:00:00,20,17,7,Friday,28.7,75,1003.0,16.7,0.1,27,,53,22.0,47.6,218.0,12.7,5.8,40.0,-1.0,-0.1999999999999993,1.0,,,
Karachi,2026-07-17 21:00:00,21,17,7,Friday,28.5,77,1003.5,16.8,0.1,31,,52,19.1,41.1,209.0,13.1,5.9,39.0,-1.0,-0.1999999999999993,2.0,,,
Karachi,2026-07-17 22:00:00,22,17,7,Friday,28.3,78,1004.1,16.6,0.0,27,,51,15.9,31.3,201.0,12.7,5.9,39.0,-1.0,-0.1999999999999993,1.0,,,
Karachi,2026-07-17 23:00:00,23,17,7,Friday,28.2,78,1003.9,16.1,0.0,38,,49,14.7,28.9,188.0,11.8,5.8,40.0,-2.0,-0.10000000000000142,0.0,,,
Lahore,2026-07-15 00:00:00,0,15,7,Wednesday,28.9,74,1000.2,5.4,0.0,95,,113,103.8,156.9,3384.0,70.4,18.4,36.0,,,,104.0,93.0,
Lahore,2026-07-15 01:00:00,1,15,7,Wednesday,28.5,75,1000.4,5.1,0.0,40,,113,111.5,160.7,2201.0,75.4,18.9,26.0,0.0,-0.3999999999999986,1.0,104.0,93.0,
Lahore,2026-07-15 02:00:00,2,15,7,Wednesday,28.1,77,1000.3,5.0,0.0,30,,113,117.1,163.9,1310.0,78.3,19.4,19.0,0.0,-0.3999999999999986,2.0,102.0,93.0,
Lahore,2026-07-15 03:00:00,3,15,7,Wednesday,27.6,78,999.8,5.3,0.0,0,,113,120.1,166.2,1018.0,79.5,20.5,13.0,0.0,-0.5,1.0,101.0,93.0,
Lahore,2026-07-15 04:00:00,4,15,7,Wednesday,27.2,80,999.7,4.7,0.0,16,,114,123.9,169.5,1019.0,78.7,21.7,10.0,1.0,-0.40000000000000213,2.0,100.0,93.0,
Lahore,2026-07-15 05:00:00,5,15,7,Wednesday,28.2,71,1000.7,7.5,0.0,100,,114,89.4,114.6,1122.0,39.2,16.1,47.0,0.0,1.0,-9.0,98.0,93.0,
Lahore,2026-07-15 06:00:00,6,15,7,Wednesday,27.9,71,1000.8,5.8,0.0,100,,114,79.6,101.3,1364.0,36.3,17.0,55.0,0.0,-0.3000000000000007,0.0,98.0,93.0,
Lahore,2026-07-15 07:00:00,7,15,7,Wednesday,28.0,72,1001.2,1.9,0.0,95,,113,70.3,99.2,1707.0,32.0,18.3,68.0,-1.0,0.10000000000000142,1.0,98.0,93.0,
Lahore,2026-07-15 08:00:00,8,15,7,Wednesday,29.0,69,1001.6,2.8,0.0,98,,112,72.6,122.9,1852.0,26.8,19.3,90.0,-1.0,1.0,-3.0,98.0,94.0,
Lahore,2026-07-15 09:00:00,9,15,7,Wednesday,29.9,67,1001.5,1.8,0.0,27,,111,79.4,154.6,1606.0,20.0,20.0,130.0,-1.0,0.8999999999999986,-2.0,98.0,94.0,
Lahore,2026-07-15 10:00:00,10,15,7,Wednesday,32.9,54,1001.5,2.2,0.0,20,,111,84.5,178.8,1160.0,12.4,20.5,178.0,0.0,3.0,-13.0,97.0,94.0,
Lahore,2026-07-15 11:00:00,11,15,7,Wednesday,33.0,54,1002.3,3.4,0.0,68,,110,84.3,181.1,790.0,6.8,20.0,213.0,-1.0,0.10000000000000142,0.0,97.0,94.0,
Lahore,2026-07-15 12:00:00,12,15,7,Wednesday,33.3,55,1002.1,4.3,0.1,45,,109,79.9,171.8,594.0,4.5,17.9,223.0,-1.0,0.29999999999999716,1.0,96.0,94.0,
Lahore,2026-07-15 13:00:00,13,15,7,Wednesday,34.0,53,1001.3,5.4,0.0,9,,109,74.0,161.1,474.0,4.2,15.0,219.0,0.0,0.7000000000000028,-2.0,95.0,94.0,
Lahore,2026-07-15 14:00:00,14,15,7,Wednesday,34.8,52,1001.0,5.1,0.0,5,,109,69.4,151.8,404.0,4.5,12.7,212.0,0.0,0.7999999999999972,-1.0,95.0,94.0,
Lahore,2026-07-15 15:00:00,15,15,7,Wednesday,34.8,52,1000.4,5.5,0.2,16,,109,65.9,143.9,344.0,4.6,11.7,206.0,0.0,0.0,0.0,94.0,94.0,
Lahore,2026-07-15 16:00:00,16,15,7,Wednesday,34.6,52,1000.2,6.0,0.0,11,,109,62.9,136.0,336.0,5.3,11.3,197.0,0.0,-0.19999999999999574,0.0,93.0,94.0,
Lahore,2026-07-15 17:00:00,17,15,7,Wednesday,34.8,45,1000.0,6.5,0.0,6,,108,58.1,129.0,478.0,7.9,9.4,159.0,-1.0,0.19999999999999574,-7.0,93.0,94.0,
Lahore,2026-07-15 18:00:00,18,15,7,Wednesday,33.9,51,1000.0,6.5,0.0,87,,108,57.9,119.2,858.0,14.1,9.9,140.0,0.0,-0.8999999999999986,6.0,93.0,94.0,
Lahore,2026-07-15 19:00:00,19,15,7,Wednesday,32.7,59,1000.3,4.5,0.0,78,,107,59.6,114.8,1388.0,22.9,10.7,114.0,-1.0,-1.1999999999999957,8.0,92.0,93.0,
Lahore,2026-07-15 20:00:00,20,15,7,Wednesday,32.0,64,1001.0,4.5,0.0,20,,107,62.4,106.9,1908.0,31.5,11.6,91.0,0.0,-0.7000000000000028,5.0,92.0,93.0,
Lahore,2026-07-15 21:00:00,21,15,7,Wednesday,31.3,67,1001.6,4.0,0.0,9,,106,64.7,102.2,2453.0,39.5,12.9,75.0,-1.0,-0.6999999999999993,3.0,92.0,93.0,
Lahore,2026-07-15 22:00:00,22,15,7,Wednesday,30.9,71,1001.9,2.8,0.0,27,,106,69.4,103.6,2987.0,47.3,14.4,63.0,0.0,-0.40000000000000213,4.0,92.0,93.0,
Lahore,2026-07-15 23:00:00,23,15,7,Wednesday,30.5,73,1001.8,3.9,0.0,37,,105,73.1,105.2,3244.0,52.6,15.6,54.0,-1.0,-0.3999999999999986,2.0,93.0,92.0,
Lahore,2026-07-16 00:00:00,0,16,7,Thursday,29.8,78,1001.8,3.3,0.0,18,,104,75.2,105.0,3027.0,53.8,16.1,49.0,-1.0,-0.6999999999999993,5.0,93.0,,
Lahore,2026-07-16 01:00:00,1,16,7,Thursday,29.5,80,1001.8,2.5,0.0,12,,104,76.4,103.1,2533.0,52.6,16.2,47.0,0.0,-0.3000000000000007,2.0,93.0,,
Lahore,2026-07-16 02:00:00,2,16,7,Thursday,29.2,81,1001.9,2.7,0.0,12,,102,77.3,100.8,2086.0,51.8,16.4,44.0,-2.0,-0.3000000000000007,1.0,93.0,,
Lahore,2026-07-16 03:00:00,3,16,7,Thursday,28.8,82,1001.6,1.8,0.0,2,,101,78.7,99.7,1783.0,53.5,16.6,36.0,-1.0,-0.3999999999999986,1.0,93.0,,
Lahore,2026-07-16 04:00:00,4,16,7,Thursday,28.5,86,1001.3,0.3,0.0,0,,100,80.6,99.4,1527.0,55.6,16.9,27.0,-1.0,-0.3000000000000007,4.0,93.0,,
Lahore,2026-07-16 05:00:00,5,16,7,Thursday,28.6,86,1001.5,2.6,0.0,0,,98,76.8,100.1,1357.0,34.9,17.9,63.0,-2.0,0.10000000000000142,0.0,93.0,,
Lahore,2026-07-16 06:00:00,6,16,7,Thursday,28.4,90,1002.1,2.0,0.0,0,,98,82.4,104.8,1338.0,32.5,20.3,84.0,0.0,-0.20000000000000284,4.0,93.0,,
Lahore,2026-07-16 07:00:00,7,16,7,Thursday,30.2,78,1002.2,0.6,0.0,0,,98,74.7,99.2,1405.0,28.9,23.5,114.0,0.0,1.8000000000000007,-12.0,93.0,,
Lahore,2026-07-16 08:00:00,8,16,7,Thursday,31.8,67,1002.2,0.9,0.0,0,,98,67.3,100.8,1401.0,24.5,25.1,145.0,0.0,1.6000000000000014,-11.0,94.0,,
Lahore,2026-07-16 09:00:00,9,16,7,Thursday,33.1,59,1002.1,1.5,0.0,0,,98,65.0,103.6,1238.0,18.3,23.9,178.0,0.0,1.3000000000000007,-8.0,94.0,,
Lahore,2026-07-16 10:00:00,10,16,7,Thursday,34.2,55,1002.2,2.2,0.0,0,,97,63.6,102.7,1003.0,11.3,21.1,212.0,-1.0,1.1000000000000014,-4.0,94.0,,
Lahore,2026-07-16 11:00:00,11,16,7,Thursday,35.4,49,1002.4,3.1,0.0,5,,97,60.5,96.4,801.0,6.1,18.5,234.0,0.0,1.1999999999999957,-6.0,94.0,,
Lahore,2026-07-16 12:00:00,12,16,7,Thursday,35.9,47,1002.1,4.5,0.0,10,,96,58.6,92.7,665.0,4.1,16.5,236.0,-1.0,0.5,-2.0,94.0,,
Lahore,2026-07-16 13:00:00,13,16,7,Thursday,36.0,46,1001.4,6.0,0.0,20,,95,55.3,87.1,561.0,4.1,14.7,227.0,-1.0,0.10000000000000142,-1.0,94.0,,
Lahore,2026-07-16 14:00:00,14,16,7,Thursday,36.1,45,1000.9,7.1,0.1,20,,95,53.2,84.1,491.0,4.5,13.2,215.0,0.0,0.10000000000000142,-1.0,94.0,,
Lahore,2026-07-16 15:00:00,15,16,7,Thursday,36.0,46,1000.2,6.9,0.0,24,,94,50.6,81.3,445.0,4.2,12.0,206.0,-1.0,-0.10000000000000142,1.0,94.0,,
Lahore,2026-07-16 16:00:00,16,16,7,Thursday,35.8,46,999.6,7.3,0.0,7,,93,50.5,82.9,432.0,4.4,11.1,195.0,-1.0,-0.20000000000000284,0.0,94.0,,
Lahore,2026-07-16 17:00:00,17,16,7,Thursday,36.0,45,999.4,7.3,0.0,6,,93,46.7,80.8,483.0,7.8,10.5,182.0,0.0,0.20000000000000284,-1.0,94.0,,
Lahore,2026-07-16 18:00:00,18,16,7,Thursday,35.4,49,999.2,5.5,0.0,10,,93,49.2,81.7,653.0,16.3,11.2,160.0,0.0,-0.6000000000000014,4.0,94.0,,
Lahore,2026-07-16 19:00:00,19,16,7,Thursday,34.2,57,999.3,3.8,0.0,8,,92,53.7,86.4,886.0,28.5,12.2,128.0,-1.0,-1.1999999999999957,8.0,93.0,,
Lahore,2026-07-16 20:00:00,20,16,7,Thursday,33.6,61,999.6,3.9,0.0,4,,92,61.5,92.7,1044.0,40.0,13.4,100.0,0.0,-0.6000000000000014,4.0,93.0,,
Lahore,2026-07-16 21:00:00,21,16,7,Thursday,33.3,64,1000.0,2.7,0.0,2,,92,70.3,102.7,1061.0,50.4,15.1,80.0,0.0,-0.30000000000000426,3.0,93.0,,
Lahore,2026-07-16 22:00:00,22,16,7,Thursday,32.3,68,1000.2,4.1,0.0,5,,92,77.3,110.8,1004.0,60.2,17.1,63.0,0.0,-1.0,4.0,93.0,,
Lahore,2026-07-16 23:00:00,23,16,7,Thursday,33.1,66,999.6,2.8,0.0,9,,93,79.4,110.1,929.0,66.8,18.4,50.0,1.0,0.8000000000000043,-2.0,92.0,,
Lahore,2026-07-17 00:00:00,0,17,7,Friday,32.6,65,999.4,4.0,0.0,3,,93,79.2,107.8,842.0,68.4,18.4,41.0,0.0,-0.5,-1.0,,,
Lahore,2026-07-17 01:00:00,1,17,7,Friday,31.5,70,999.4,5.2,0.0,2,,93,79.2,107.8,738.0,66.9,17.8,34.0,0.0,-1.1000000000000014,5.0,,,
Lahore,2026-07-17 02:00:00,2,17,7,Friday,30.9,74,999.3,3.9,0.0,2,,93,80.6,111.3,661.0,65.4,17.2,29.0,0.0,-0.6000000000000014,4.0,,,
Lahore,2026-07-17 03:00:00,3,17,7,Friday,30.6,76,999.2,3.5,0.0,2,,93,81.7,116.9,613.0,65.8,16.8,20.0,0.0,-0.29999999999999716,2.0,,,
Lahore,2026-07-17 04:00:00,4,17,7,Friday,30.2,78,999.3,3.8,0.0,3,,93,82.9,122.5,593.0,66.1,16.5,12.0,0.0,-0.40000000000000213,2.0,,,
Lahore,2026-07-17 05:00:00,5,17,7,Friday,30.4,75,999.6,5.8,0.0,5,,93,80.1,135.0,642.0,58.1,16.5,21.0,0.0,0.1999999999999993,-3.0,,,
Lahore,2026-07-17 06:00:00,6,17,7,Friday,30.2,76,1000.2,5.2,0.0,5,,93,83.4,137.4,853.0,52.5,17.2,42.0,0.0,-0.1999999999999993,1.0,,,
Lahore,2026-07-17 07:00:00,7,17,7,Friday,31.2,74,1000.5,3.4,0.0,2,,93,81.5,130.9,1133.0,44.4,18.1,73.0,0.0,1.0,-2.0,,,
Lahore,2026-07-17 08:00:00,8,17,7,Friday,33.0,65,1000.9,1.3,0.0,10,,94,76.6,129.9,1244.0,35.6,18.4,108.0,1.0,1.8000000000000007,-9.0,,,
Lahore,2026-07-17 09:00:00,9,17,7,Friday,34.7,56,1001.0,3.0,0.0,33,,94,71.2,129.5,1019.0,25.5,17.5,150.0,0.0,1.7000000000000028,-9.0,,,
Lahore,2026-07-17 10:00:00,10,17,7,Friday,36.3,44,1001.0,9.3,0.0,18,,94,67.5,129.9,625.0,14.6,15.9,196.0,0.0,1.5999999999999943,-12.0,,,
Lahore,2026-07-17 11:00:00,11,17,7,Friday,36.9,42,1001.2,9.9,0.0,27,,94,63.3,126.7,331.0,6.7,14.3,226.0,0.0,0.6000000000000014,-2.0,,,
Lahore,2026-07-17 12:00:00,12,17,7,Friday,37.3,41,1000.9,8.9,0.0,5,,94,58.9,119.0,253.0,3.7,13.0,230.0,0.0,0.3999999999999986,-1.0,,,
Lahore,2026-07-17 13:00:00,13,17,7,Friday,37.7,40,1000.2,8.3,0.0,2,,94,53.9,108.7,274.0,3.6,11.7,218.0,0.0,0.4000000000000057,-1.0,,,
Lahore,2026-07-17 14:00:00,14,17,7,Friday,38.0,39,999.3,9.3,0.0,2,,94,49.4,99.7,309.0,4.2,10.6,202.0,0.0,0.29999999999999716,-1.0,,,
Lahore,2026-07-17 15:00:00,15,17,7,Friday,38.0,39,998.7,11.0,0.0,2,,94,45.1,91.7,305.0,4.0,9.5,184.0,0.0,0.0,0.0,,,
Lahore,2026-07-17 16:00:00,16,17,7,Friday,37.6,39,998.3,11.4,0.0,20,,94,42.0,88.5,314.0,4.4,8.4,161.0,0.0,-0.3999999999999986,0.0,,,
Lahore,2026-07-17 17:00:00,17,17,7,Friday,37.3,40,998.0,11.8,0.0,1,,94,39.1,94.8,407.0,7.1,6.5,117.0,0.0,-0.30000000000000426,1.0,,,
Lahore,2026-07-17 18:00:00,18,17,7,Friday,36.5,43,998.1,10.2,0.0,2,,94,42.8,104.1,680.0,16.4,7.3,99.0,0.0,-0.7999999999999972,3.0,,,
Lahore,2026-07-17 19:00:00,19,17,7,Friday,35.3,48,998.3,6.9,0.0,1,,93,49.1,113.4,1037.0,29.2,8.4,73.0,-1.0,-1.2000000000000028,5.0,,,
Lahore,2026-07-17 20:00:00,20,17,7,Friday,34.3,53,998.8,5.9,0.0,1,,93,55.4,120.1,1258.0,38.9,9.3,53.0,0.0,-1.0,5.0,,,
Lahore,2026-07-17 21:00:00,21,17,7,Friday,33.3,57,999.6,5.1,0.0,3,,93,59.0,128.1,1221.0,42.3,9.9,43.0,0.0,-1.0,4.0,,,
Lahore,2026-07-17 22:00:00,22,17,7,Friday,32.7,60,999.8,5.3,0.0,3,,93,62.4,140.6,1048.0,42.6,10.3,38.0,0.0,-0.5999999999999943,3.0,,,
Lahore,2026-07-17 23:00:00,23,17,7,Friday,33.3,56,999.5,6.2,0.0,73,,92,65.4,153.2,893.0,42.6,10.6,34.0,-1.0,0.5999999999999943,-4.0,,,
Multan,2026-07-15 00:00:00,0,15,7,Wednesday,32.5,62,998.2,8.3,0.0,98,,123,85.2,158.8,371.0,28.9,6.4,30.0,,,,100.0,97.0,
Multan,2026-07-15 01:00:00,1,15,7,Wednesday,32.2,61,998.4,6.8,0.0,93,,123,82.9,172.8,344.0,23.0,5.5,33.0,0.0,-0.29999999999999716,-1.0,100.0,95.0,
Multan,2026-07-15 02:00:00,2,15,7,Wednesday,31.9,60,998.5,7.4,0.0,41,,123,79.9,180.7,318.0,17.8,4.9,37.0,0.0,-0.30000000000000426,-1.0,100.0,93.0,
Multan,2026-07-15 03:00:00,3,15,7,Wednesday,31.3,60,998.2,7.6,0.0,16,,124,70.5,156.5,291.0,14.5,4.7,41.0,1.0,-0.5999999999999979,0.0,101.0,90.0,
Multan,2026-07-15 04:00:00,4,15,7,Wednesday,31.0,60,997.9,9.6,0.0,4,,123,57.7,113.9,266.0,12.0,4.7,47.0,-1.0,-0.3000000000000007,0.0,101.0,86.0,
Multan,2026-07-15 05:00:00,5,15,7,Wednesday,31.7,61,998.3,9.2,0.0,18,,122,78.5,118.5,255.0,15.5,3.6,34.0,-1.0,0.6999999999999993,1.0,102.0,84.0,
Multan,2026-07-15 06:00:00,6,15,7,Wednesday,31.3,61,998.8,10.6,0.0,0,,122,82.2,136.0,272.0,14.6,3.7,41.0,0.0,-0.3999999999999986,0.0,102.0,82.0,
Multan,2026-07-15 07:00:00,7,15,7,Wednesday,32.1,60,999.2,13.1,0.0,1,,122,87.1,146.7,302.0,13.1,3.8,51.0,0.0,0.8000000000000007,-1.0,102.0,81.0,
Multan,2026-07-15 08:00:00,8,15,7,Wednesday,33.3,57,999.8,13.9,0.0,1,,121,81.3,150.9,318.0,11.2,4.4,64.0,-1.0,1.1999999999999957,-3.0,102.0,80.0,
Multan,2026-07-15 09:00:00,9,15,7,Wednesday,34.4,55,1000.2,14.0,0.0,6,,119,52.5,98.3,303.0,8.3,6.0,82.0,-2.0,1.1000000000000014,-2.0,102.0,78.0,
Multan,2026-07-15 10:00:00,10,15,7,Wednesday,35.4,52,1000.5,14.9,0.0,9,,115,48.0,122.9,272.0,4.9,8.1,103.0,-4.0,1.0,-3.0,103.0,77.0,
Multan,2026-07-15 11:00:00,11,15,7,Wednesday,36.4,46,1001.1,16.2,0.0,6,,112,51.2,156.0,245.0,2.4,9.3,117.0,-3.0,1.0,-6.0,103.0,77.0,
Multan,2026-07-15 12:00:00,12,15,7,Wednesday,35.5,53,1001.1,13.5,0.2,41,,109,53.9,177.4,226.0,1.5,8.9,121.0,-3.0,-0.8999999999999986,7.0,102.0,77.0,
Multan,2026-07-15 13:00:00,13,15,7,Wednesday,36.2,50,1000.5,13.0,0.2,13,,107,53.9,179.7,210.0,1.5,7.6,118.0,-2.0,0.7000000000000028,-3.0,102.0,77.0,
Multan,2026-07-15 14:00:00,14,15,7,Wednesday,35.8,51,1000.4,12.9,0.6,21,,106,53.7,178.3,203.0,1.8,6.4,115.0,-1.0,-0.4000000000000057,1.0,102.0,77.0,
Multan,2026-07-15 15:00:00,15,15,7,Wednesday,36.6,47,999.8,11.1,0.2,3,,105,53.4,179.3,201.0,1.3,5.6,114.0,-1.0,0.8000000000000043,-4.0,102.0,76.0,
Multan,2026-07-15 16:00:00,16,15,7,Wednesday,36.7,46,999.5,10.5,0.0,5,,103,51.6,176.0,207.0,1.0,5.0,112.0,-2.0,0.10000000000000142,-1.0,102.0,76.0,
Multan,2026-07-15 17:00:00,17,15,7,Wednesday,36.2,46,999.0,11.0,0.0,19,,103,40.6,125.7,234.0,3.2,3.8,96.0,0.0,-0.5,0.0,102.0,76.0,
Multan,2026-07-15 18:00:00,18,15,7,Wednesday,35.1,52,999.3,8.0,0.0,13,,101,44.0,121.5,280.0,11.6,4.7,80.0,-2.0,-1.1000000000000014,6.0,102.0,75.0,
Multan,2026-07-15 19:00:00,19,15,7,Wednesday,33.7,60,999.1,4.0,0.0,4,,101,55.4,120.6,348.0,23.5,6.0,58.0,0.0,-1.3999999999999986,8.0,102.0,75.0,
Multan,2026-07-15 20:00:00,20,15,7,Wednesday,33.1,62,999.4,3.4,0.0,1,,100,69.6,134.6,457.0,34.2,7.1,39.0,-1.0,-0.6000000000000014,2.0,102.0,75.0,
Multan,2026-07-15 21:00:00,21,15,7,Wednesday,32.4,66,999.8,3.3,0.0,2,,100,82.4,147.1,663.0,42.5,7.9,26.0,0.0,-0.7000000000000028,4.0,101.0,75.0,
Multan,2026-07-15 22:00:00,22,15,7,Wednesday,31.9,69,1000.8,2.6,0.0,21,,99,94.3,158.8,911.0,49.6,8.5,15.0,-1.0,-0.5,3.0,100.0,75.0,
Multan,2026-07-15 23:00:00,23,15,7,Wednesday,31.9,69,1000.4,4.9,0.0,4,,99,104.8,168.1,1053.0,54.9,9.0,7.0,0.0,0.0,0.0,99.0,75.0,
Multan,2026-07-16 00:00:00,0,16,7,Thursday,31.1,71,1000.2,5.1,0.0,2,,100,115.0,182.5,993.0,58.1,9.6,2.0,1.0,-0.7999999999999972,2.0,97.0,,
Multan,2026-07-16 01:00:00,1,16,7,Thursday,30.6,73,1000.3,5.0,0.0,2,,100,124.3,194.6,826.0,59.6,10.1,1.0,0.0,-0.5,2.0,95.0,,
Multan,2026-07-16 02:00:00,2,16,7,Thursday,30.3,73,1000.4,5.2,0.0,1,,100,133.2,201.6,692.0,59.6,10.1,0.0,0.0,-0.3000000000000007,0.0,93.0,,
Multan,2026-07-16 03:00:00,3,16,7,Thursday,30.1,72,1000.5,5.7,0.0,1,,101,129.0,188.6,646.0,58.8,9.3,0.0,1.0,-0.1999999999999993,-1.0,90.0,,
Multan,2026-07-16 04:00:00,4,16,7,Thursday,30.0,72,1000.5,8.1,0.0,0,,101,115.7,174.2,633.0,56.4,8.0,0.0,0.0,-0.10000000000000142,0.0,86.0,,
Multan,2026-07-16 05:00:00,5,16,7,Thursday,30.6,71,1000.4,7.8,0.0,0,,102,79.4,125.3,624.0,37.0,6.2,20.0,1.0,0.6000000000000014,-1.0,84.0,,
Multan,2026-07-16 06:00:00,6,16,7,Thursday,30.4,71,1001.0,8.3,0.0,0,,102,76.8,124.3,622.0,32.3,5.9,33.0,0.0,-0.20000000000000284,0.0,82.0,,
Multan,2026-07-16 07:00:00,7,16,7,Thursday,31.5,68,1001.4,7.9,0.0,0,,102,79.4,129.9,624.0,25.5,5.6,53.0,0.0,1.1000000000000014,-3.0,81.0,,
Multan,2026-07-16 08:00:00,8,16,7,Thursday,33.1,60,1001.7,9.6,0.0,0,,102,79.9,163.4,592.0,19.0,5.9,73.0,0.0,1.6000000000000014,-8.0,80.0,,
Multan,2026-07-16 09:00:00,9,16,7,Thursday,34.2,53,1001.8,12.6,0.0,0,,102,69.2,142.0,492.0,13.0,7.4,97.0,0.0,1.1000000000000014,-7.0,78.0,,
Multan,2026-07-16 10:00:00,10,16,7,Thursday,35.4,51,1002.0,14.3,0.0,0,,103,58.7,112.2,359.0,7.2,9.5,121.0,1.0,1.1999999999999957,-2.0,77.0,,
Multan,2026-07-16 11:00:00,11,16,7,Thursday,36.2,49,1002.4,16.8,0.0,2,,103,51.6,110.8,257.0,3.0,10.6,137.0,0.0,0.8000000000000043,-2.0,77.0,,
Multan,2026-07-16 12:00:00,12,16,7,Thursday,36.7,48,1002.0,16.6,0.0,4,,102,48.5,126.2,215.0,1.4,9.9,136.0,-1.0,0.5,-1.0,77.0,,
Multan,2026-07-16 13:00:00,13,16,7,Thursday,37.3,46,1001.3,16.3,0.0,4,,102,50.2,145.8,204.0,1.4,8.3,126.0,0.0,0.5999999999999943,-2.0,77.0,,
Multan,2026-07-16 14:00:00,14,16,7,Thursday,37.6,44,1000.7,16.1,0.0,2,,102,51.6,155.5,202.0,1.7,7.0,117.0,0.0,0.30000000000000426,-2.0,77.0,,
Multan,2026-07-16 15:00:00,15,16,7,Thursday,37.7,43,1000.0,15.0,0.0,1,,102,51.9,155.1,201.0,1.5,6.3,116.0,0.0,0.10000000000000142,-1.0,76.0,,
Multan,2026-07-16 16:00:00,16,16,7,Thursday,37.5,43,999.4,14.6,0.0,0,,102,51.0,147.6,209.0,1.6,5.9,116.0,0.0,-0.20000000000000284,0.0,76.0,,
Multan,2026-07-16 17:00:00,17,16,7,Thursday,37.5,42,999.0,13.8,0.0,1,,102,39.8,109.9,232.0,3.2,5.4,110.0,0.0,0.0,-1.0,76.0,,
Multan,2026-07-16 18:00:00,18,16,7,Thursday,36.4,46,998.8,12.6,0.0,1,,102,41.6,93.1,281.0,8.5,5.9,97.0,0.0,-1.1000000000000014,4.0,75.0,,
Multan,2026-07-16 19:00:00,19,16,7,Thursday,35.1,50,998.9,10.3,0.0,1,,102,47.3,89.2,345.0,15.8,6.6,78.0,0.0,-1.2999999999999972,4.0,75.0,,
Multan,2026-07-16 20:00:00,20,16,7,Thursday,34.1,53,999.0,7.1,0.0,1,,102,52.6,89.4,390.0,21.7,7.1,62.0,0.0,-1.0,3.0,75.0,,
Multan,2026-07-16 21:00:00,21,16,7,Thursday,33.3,56,999.2,6.8,0.0,3,,101,57.3,91.5,404.0,25.1,7.2,52.0,-1.0,-0.8000000000000043,3.0,75.0,,
Multan,2026-07-16 22:00:00,22,16,7,Thursday,32.8,56,999.7,7.7,0.0,3,,100,61.5,94.1,399.0,27.0,7.2,46.0,-1.0,-0.5,0.0,75.0,,
Multan,2026-07-16 23:00:00,23,16,7,Thursday,33.8,51,999.0,12.2,0.0,1,,99,59.0,88.5,378.0,27.0,7.1,42.0,-1.0,1.0,-5.0,75.0,,
Multan,2026-07-17 00:00:00,0,17,7,Friday,33.4,50,998.8,12.9,0.0,0,,97,51.5,76.6,334.0,24.1,6.9,42.0,-2.0,-0.3999999999999986,-1.0,,,
Multan,2026-07-17 01:00:00,1,17,7,Friday,33.2,48,998.7,13.8,0.0,0,,95,44.6,66.1,275.0,19.2,6.7,46.0,-2.0,-0.19999999999999574,-2.0,,,
Multan,2026-07-17 02:00:00,2,17,7,Friday,33.0,47,998.4,15.9,0.0,0,,93,39.2,61.7,228.0,14.9,6.5,49.0,-2.0,-0.20000000000000284,-1.0,,,
Multan,2026-07-17 03:00:00,3,17,7,Friday,32.5,48,998.2,16.9,0.0,0,,90,34.8,58.3,203.0,12.1,6.2,50.0,-3.0,-0.5,1.0,,,
Multan,2026-07-17 04:00:00,4,17,7,Friday,32.1,49,998.3,17.0,0.0,0,,86,30.9,48.0,191.0,9.9,6.0,52.0,-4.0,-0.3999999999999986,1.0,,,
Multan,2026-07-17 05:00:00,5,17,7,Friday,32.2,50,998.4,15.3,0.0,0,,84,29.6,49.2,190.0,8.3,6.2,56.0,-2.0,0.10000000000000142,1.0,,,
Multan,2026-07-17 06:00:00,6,17,7,Friday,31.7,52,999.1,15.4,0.0,0,,82,29.9,48.5,209.0,8.0,5.9,62.0,-2.0,-0.5000000000000036,2.0,,,
Multan,2026-07-17 07:00:00,7,17,7,Friday,32.1,54,999.5,16.3,0.0,0,,81,32.5,54.6,240.0,7.6,5.6,72.0,-1.0,0.40000000000000213,2.0,,,
Multan,2026-07-17 08:00:00,8,17,7,Friday,32.9,54,999.9,17.5,0.0,15,,80,35.3,62.6,259.0,6.8,5.7,82.0,-1.0,0.7999999999999972,0.0,,,
Multan,2026-07-17 09:00:00,9,17,7,Friday,33.8,53,1000.3,19.8,0.0,3,,78,38.9,79.9,255.0,5.4,6.6,95.0,-2.0,0.8999999999999986,-1.0,,,
Multan,2026-07-17 10:00:00,10,17,7,Friday,34.8,52,1000.4,19.7,0.0,0,,77,43.4,99.4,240.0,3.6,7.9,109.0,-1.0,1.0,-1.0,,,
Multan,2026-07-17 11:00:00,11,17,7,Friday,35.8,50,1000.5,20.5,0.0,2,,77,47.6,120.1,227.0,2.3,8.7,119.0,0.0,1.0,-2.0,,,
Multan,2026-07-17 12:00:00,12,17,7,Friday,36.7,47,1000.3,19.6,0.0,0,,77,50.2,132.2,220.0,1.7,8.6,124.0,0.0,0.9000000000000057,-3.0,,,
Multan,2026-07-17 13:00:00,13,17,7,Friday,37.3,45,999.6,18.7,0.0,0,,77,50.9,133.2,214.0,1.6,8.0,125.0,0.0,0.5999999999999943,-2.0,,,
Multan,2026-07-17 14:00:00,14,17,7,Friday,37.6,44,998.9,17.8,0.0,0,,77,50.5,129.0,212.0,1.7,7.4,124.0,0.0,0.30000000000000426,-1.0,,,
Multan,2026-07-17 15:00:00,15,17,7,Friday,37.7,44,998.3,16.9,0.0,0,,76,49.2,121.5,207.0,1.4,6.8,124.0,-1.0,0.10000000000000142,0.0,,,
Multan,2026-07-17 16:00:00,16,17,7,Friday,37.5,44,997.8,15.6,0.0,0,,76,47.4,112.0,206.0,1.4,6.2,122.0,0.0,-0.20000000000000284,0.0,,,
Multan,2026-07-17 17:00:00,17,17,7,Friday,37.5,44,997.3,13.9,0.0,1,,76,37.8,91.3,226.0,3.1,5.4,110.0,0.0,0.0,0.0,,,
Multan,2026-07-17 18:00:00,18,17,7,Friday,36.6,47,997.3,12.7,0.0,6,,75,37.3,74.3,290.0,9.2,5.8,95.0,-1.0,-0.8999999999999986,3.0,,,
Multan,2026-07-17 19:00:00,19,17,7,Friday,35.4,51,997.6,9.2,0.0,6,,75,41.7,69.8,375.0,17.5,6.3,74.0,0.0,-1.2000000000000028,4.0,,,
Multan,2026-07-17 20:00:00,20,17,7,Friday,34.5,54,997.7,6.4,0.0,13,,75,49.8,74.7,436.0,23.8,6.7,57.0,0.0,-0.8999999999999986,3.0,,,
Multan,2026-07-17 21:00:00,21,17,7,Friday,33.9,56,998.5,6.9,0.0,27,,75,56.2,79.4,454.0,26.5,6.8,48.0,0.0,-0.6000000000000014,2.0,,,
Multan,2026-07-17 22:00:00,22,17,7,Friday,33.5,56,998.9,7.2,0.0,28,,75,57.0,78.0,447.0,27.1,6.7,42.0,0.0,-0.3999999999999986,0.0,,,
Multan,2026-07-17 23:00:00,23,17,7,Friday,33.9,53,998.3,8.9,0.0,81,,75,52.2,71.7,429.0,26.0,6.5,40.0,0.0,0.3999999999999986,-3.0,,,
Peshawar,2026-07-15 00:00:00,0,15,7,Wednesday,30.5,57,999.4,9.9,0.0,2,,67,38.8,45.8,650.0,51.0,8.8,32.0,,,,79.0,85.0,
Peshawar,2026-07-15 01:00:00,1,15,7,Wednesday,29.8,59,999.8,9.4,0.0,2,,67,39.3,46.6,623.0,50.2,8.4,29.0,0.0,-0.6999999999999993,2.0,80.0,85.0,
Peshawar,2026-07-15 02:00:00,2,15,7,Wednesday,29.3,60,999.9,9.1,0.0,0,,66,39.6,46.8,596.0,48.8,7.9,26.0,-1.0,-0.5,1.0,81.0,84.0,
Peshawar,2026-07-15 03:00:00,3,15,7,Wednesday,29.0,61,999.9,8.0,0.0,14,,66,40.2,46.8,568.0,47.4,7.0,19.0,0.0,-0.3000000000000007,1.0,81.0,84.0,
Peshawar,2026-07-15 04:00:00,4,15,7,Wednesday,28.8,62,1000.1,8.6,0.0,5,,65,40.3,45.5,540.0,45.3,5.9,12.0,-1.0,-0.1999999999999993,1.0,82.0,84.0,
Peshawar,2026-07-15 05:00:00,5,15,7,Wednesday,29.1,60,1000.5,7.5,0.0,15,,65,46.1,51.7,530.0,45.9,6.6,12.0,0.0,0.3000000000000007,-2.0,83.0,83.0,
Peshawar,2026-07-15 06:00:00,6,15,7,Wednesday,28.7,62,1000.8,7.5,0.0,13,,65,46.7,51.8,555.0,39.8,8.1,33.0,0.0,-0.40000000000000213,2.0,83.0,83.0,
Peshawar,2026-07-15 07:00:00,7,15,7,Wednesday,29.6,59,1001.3,6.2,0.0,2,,64,43.7,52.9,598.0,31.1,10.0,64.0,-1.0,0.9000000000000021,-3.0,84.0,83.0,
Peshawar,2026-07-15 08:00:00,8,15,7,Wednesday,31.3,54,1001.6,6.9,0.0,0,,64,41.0,55.8,625.0,22.9,11.1,95.0,0.0,1.6999999999999993,-5.0,85.0,82.0,
Peshawar,2026-07-15 09:00:00,9,15,7,Wednesday,33.1,50,1001.3,5.7,0.0,0,,64,39.6,61.5,624.0,15.6,10.4,129.0,0.0,1.8000000000000007,-4.0,85.0,82.0,
Peshawar,2026-07-15 10:00:00,10,15,7,Wednesday,34.7,47,1001.2,4.1,0.0,0,,66,43.5,73.3,606.0,8.7,8.8,163.0,2.0,1.6000000000000014,-3.0,86.0,82.0,
Peshawar,2026-07-15 11:00:00,11,15,7,Wednesday,35.6,44,1001.3,5.5,0.0,15,,70,49.5,89.4,570.0,3.8,7.4,186.0,4.0,0.8999999999999986,-3.0,86.0,82.0,
Peshawar,2026-07-15 12:00:00,12,15,7,Wednesday,36.3,41,1000.6,5.0,0.1,21,,71,53.7,100.1,499.0,1.9,6.5,189.0,1.0,0.6999999999999957,-3.0,87.0,81.0,
Peshawar,2026-07-15 13:00:00,13,15,7,Wednesday,37.2,37,999.8,4.4,0.0,26,,69,54.0,102.0,410.0,2.0,5.8,181.0,-2.0,0.9000000000000057,-4.0,87.0,81.0,
Peshawar,2026-07-15 14:00:00,14,15,7,Wednesday,37.9,35,999.3,5.9,0.0,20,,68,53.0,100.6,345.0,2.5,5.3,172.0,-1.0,0.6999999999999957,-2.0,87.0,80.0,
Peshawar,2026-07-15 15:00:00,15,15,7,Wednesday,38.3,34,998.7,6.8,0.0,27,,69,52.3,99.9,321.0,2.3,4.9,167.0,1.0,0.3999999999999986,-1.0,87.0,80.0,
Peshawar,2026-07-15 16:00:00,16,15,7,Wednesday,38.1,35,998.4,10.0,0.0,35,,70,51.0,97.6,322.0,2.4,4.7,161.0,1.0,-0.19999999999999574,1.0,87.0,79.0,
Peshawar,2026-07-15 17:00:00,17,15,7,Wednesday,37.2,39,998.4,12.8,0.0,9,,71,46.7,88.9,341.0,4.4,4.3,153.0,1.0,-0.8999999999999986,4.0,87.0,79.0,
Peshawar,2026-07-15 18:00:00,18,15,7,Wednesday,36.0,43,998.5,15.1,0.0,2,,72,48.7,87.5,384.0,10.1,4.8,134.0,1.0,-1.2000000000000028,4.0,87.0,79.0,
Peshawar,2026-07-15 19:00:00,19,15,7,Wednesday,34.7,48,999.0,13.2,0.0,7,,73,50.1,78.2,445.0,18.2,5.6,108.0,1.0,-1.2999999999999972,5.0,86.0,79.0,
Peshawar,2026-07-15 20:00:00,20,15,7,Wednesday,33.4,51,1000.0,10.4,0.0,13,,75,52.2,76.8,502.0,26.6,6.4,84.0,2.0,-1.3000000000000043,3.0,86.0,79.0,
Peshawar,2026-07-15 21:00:00,21,15,7,Wednesday,32.5,54,1000.9,8.1,0.0,5,,76,56.6,80.8,550.0,35.4,7.5,64.0,1.0,-0.8999999999999986,3.0,86.0,79.0,
Peshawar,2026-07-15 22:00:00,22,15,7,Wednesday,31.9,56,1001.6,6.7,0.0,3,,77,63.3,88.5,594.0,44.4,8.6,47.0,1.0,-0.6000000000000014,2.0,86.0,79.0,
Peshawar,2026-07-15 23:00:00,23,15,7,Wednesday,31.6,58,1001.5,7.3,0.0,2,,78,68.2,95.5,623.0,50.6,9.3,33.0,1.0,-0.29999999999999716,2.0,85.0,79.0,
Peshawar,2026-07-16 00:00:00,0,16,7,Thursday,30.7,62,1001.6,6.3,0.0,4,,79,69.4,97.3,629.0,52.2,9.1,25.0,1.0,-0.9000000000000021,4.0,85.0,,
Peshawar,2026-07-16 01:00:00,1,16,7,Thursday,30.1,64,1001.8,7.2,0.0,8,,80,68.9,92.9,619.0,51.1,8.4,22.0,1.0,-0.5999999999999979,2.0,85.0,,
Peshawar,2026-07-16 02:00:00,2,16,7,Thursday,29.6,65,1002.0,8.0,0.0,11,,81,65.2,85.0,609.0,49.2,7.6,19.0,1.0,-0.5,1.0,84.0,,
Peshawar,2026-07-16 03:00:00,3,16,7,Thursday,29.2,66,1001.9,6.7,0.0,0,,81,62.4,79.2,597.0,47.5,6.7,12.0,0.0,-0.40000000000000213,1.0,84.0,,
Peshawar,2026-07-16 04:00:00,4,16,7,Thursday,29.1,66,1002.1,5.6,0.0,0,,82,59.8,70.8,584.0,45.1,5.7,5.0,1.0,-0.09999999999999787,0.0,84.0,,
Peshawar,2026-07-16 05:00:00,5,16,7,Thursday,29.4,65,1002.3,5.1,0.0,2,,83,64.0,75.9,585.0,46.3,6.8,9.0,1.0,0.29999999999999716,-1.0,83.0,,
Peshawar,2026-07-16 06:00:00,6,16,7,Thursday,29.5,64,1002.6,6.2,0.0,1,,83,62.9,70.8,621.0,40.1,8.5,33.0,0.0,0.10000000000000142,-1.0,83.0,,
Peshawar,2026-07-16 07:00:00,7,16,7,Thursday,30.5,60,1002.8,6.1,0.0,0,,84,61.9,74.3,671.0,31.4,10.7,67.0,1.0,1.0,-4.0,83.0,,
Peshawar,2026-07-16 08:00:00,8,16,7,Thursday,32.1,55,1002.8,6.7,0.0,0,,85,58.0,83.4,689.0,23.1,12.0,101.0,1.0,1.6000000000000014,-5.0,82.0,,
Peshawar,2026-07-16 09:00:00,9,16,7,Thursday,33.7,50,1002.3,7.2,0.0,0,,85,58.3,92.7,646.0,15.7,11.5,135.0,0.0,1.6000000000000014,-5.0,82.0,,
Peshawar,2026-07-16 10:00:00,10,16,7,Thursday,35.5,45,1001.8,5.3,0.0,0,,86,61.7,105.2,572.0,8.8,9.9,170.0,1.0,1.7999999999999972,-5.0,82.0,,
Peshawar,2026-07-16 11:00:00,11,16,7,Thursday,36.3,43,1002.0,3.2,0.0,1,,86,61.9,108.3,503.0,3.9,8.5,192.0,0.0,0.7999999999999972,-2.0,82.0,,
Peshawar,2026-07-16 12:00:00,12,16,7,Thursday,37.8,38,1001.2,4.7,0.0,3,,87,59.3,105.0,452.0,2.0,7.4,195.0,1.0,1.5,-5.0,81.0,,
Peshawar,2026-07-16 13:00:00,13,16,7,Thursday,38.7,35,1000.2,5.4,0.0,3,,87,56.1,100.4,408.0,2.1,6.5,187.0,0.0,0.9000000000000057,-3.0,81.0,,
Peshawar,2026-07-16 14:00:00,14,16,7,Thursday,39.5,33,999.3,6.1,0.0,2,,87,52.6,94.8,371.0,2.5,5.7,177.0,0.0,0.7999999999999972,-2.0,80.0,,
Peshawar,2026-07-16 15:00:00,15,16,7,Thursday,40.1,31,998.4,7.0,0.0,2,,87,50.4,91.5,334.0,1.9,5.1,172.0,0.0,0.6000000000000014,-2.0,80.0,,
Peshawar,2026-07-16 16:00:00,16,16,7,Thursday,40.2,30,998.0,8.8,0.0,2,,87,49.4,89.6,305.0,1.7,4.8,165.0,0.0,0.10000000000000142,-1.0,79.0,,
Peshawar,2026-07-16 17:00:00,17,16,7,Thursday,40.0,32,997.8,10.5,0.0,0,,87,36.4,65.4,311.0,4.2,4.6,146.0,0.0,-0.20000000000000284,2.0,79.0,,
Peshawar,2026-07-16 18:00:00,18,16,7,Thursday,38.6,36,997.7,11.5,0.0,2,,87,37.4,64.0,377.0,12.2,5.1,126.0,0.0,-1.3999999999999986,4.0,79.0,,
Peshawar,2026-07-16 19:00:00,19,16,7,Thursday,36.7,44,997.9,11.2,0.0,0,,86,41.4,61.7,477.0,23.5,5.9,97.0,-1.0,-1.8999999999999986,8.0,79.0,,
Peshawar,2026-07-16 20:00:00,20,16,7,Thursday,35.2,48,998.3,9.3,0.0,0,,86,45.9,65.0,564.0,33.8,6.8,72.0,0.0,-1.5,4.0,79.0,,
Peshawar,2026-07-16 21:00:00,21,16,7,Thursday,34.2,51,998.7,7.1,0.0,0,,86,50.4,69.6,620.0,42.5,8.0,54.0,0.0,-1.0,3.0,79.0,,
Peshawar,2026-07-16 22:00:00,22,16,7,Thursday,33.4,53,999.1,5.6,0.0,0,,86,56.8,77.1,661.0,50.3,9.2,40.0,0.0,-0.8000000000000043,2.0,79.0,,
Peshawar,2026-07-16 23:00:00,23,16,7,Thursday,33.5,53,998.6,5.4,0.0,0,,85,60.5,80.1,692.0,54.7,9.8,30.0,-1.0,0.10000000000000142,0.0,79.0,,
Peshawar,2026-07-17 00:00:00,0,17,7,Friday,32.4,56,998.4,6.5,0.0,0,,85,59.6,75.0,709.0,53.8,9.2,24.0,0.0,-1.1000000000000014,3.0,,,
Peshawar,2026-07-17 01:00:00,1,17,7,Friday,31.6,58,998.3,4.7,0.0,0,,85,56.8,68.2,715.0,49.5,7.9,22.0,0.0,-0.7999999999999972,2.0,,,
Peshawar,2026-07-17 02:00:00,2,17,7,Friday,31.0,60,998.2,2.4,0.0,0,,84,53.1,64.7,719.0,45.3,6.8,21.0,-1.0,-0.6000000000000014,2.0,,,
Peshawar,2026-07-17 03:00:00,3,17,7,Friday,30.6,61,998.2,2.9,0.0,0,,84,50.9,61.5,729.0,42.7,6.1,17.0,0.0,-0.3999999999999986,1.0,,,
Peshawar,2026-07-17 04:00:00,4,17,7,Friday,30.1,64,998.5,3.1,0.0,0,,84,49.2,58.9,737.0,40.2,5.7,13.0,0.0,-0.5,3.0,,,
Peshawar,2026-07-17 05:00:00,5,17,7,Friday,30.1,63,999.0,3.2,0.0,0,,83,54.8,64.5,726.0,39.0,5.4,14.0,-1.0,0.0,-1.0,,,
Peshawar,2026-07-17 06:00:00,6,17,7,Friday,29.9,63,999.7,6.7,0.0,0,,83,54.4,64.0,682.0,35.6,7.1,37.0,0.0,-0.20000000000000284,0.0,,,
Peshawar,2026-07-17 07:00:00,7,17,7,Friday,31.3,57,1000.3,4.9,0.0,0,,83,54.5,68.2,620.0,30.6,9.3,70.0,0.0,1.4000000000000021,-6.0,,,
Peshawar,2026-07-17 08:00:00,8,17,7,Friday,32.8,54,1000.7,4.8,0.0,0,,82,55.2,82.0,566.0,24.9,10.7,103.0,-1.0,1.4999999999999964,-3.0,,,
Peshawar,2026-07-17 09:00:00,9,17,7,Friday,34.6,50,1000.7,4.4,0.0,0,,82,55.6,91.7,534.0,17.8,10.4,136.0,0.0,1.8000000000000043,-4.0,,,
Peshawar,2026-07-17 10:00:00,10,17,7,Friday,36.4,46,1000.3,2.9,0.0,0,,82,53.0,92.9,509.0,9.9,9.2,168.0,0.0,1.7999999999999972,-4.0,,,
Peshawar,2026-07-17 11:00:00,11,17,7,Friday,37.3,42,1000.4,2.4,0.0,5,,82,48.0,86.8,479.0,4.1,8.0,189.0,0.0,0.8999999999999986,-4.0,,,
Peshawar,2026-07-17 12:00:00,12,17,7,Friday,39.0,35,999.8,4.3,0.0,3,,81,43.2,78.7,431.0,2.0,7.1,191.0,-1.0,1.7000000000000028,-7.0,,,
Peshawar,2026-07-17 13:00:00,13,17,7,Friday,39.8,33,999.0,5.9,0.0,2,,81,40.6,74.0,377.0,2.0,6.2,181.0,0.0,0.7999999999999972,-2.0,,,
Peshawar,2026-07-17 14:00:00,14,17,7,Friday,40.3,33,998.0,6.6,0.0,4,,80,39.0,71.0,340.0,2.4,5.6,171.0,-1.0,0.5,0.0,,,
Peshawar,2026-07-17 15:00:00,15,17,7,Friday,40.4,33,997.3,8.0,0.0,3,,80,37.8,68.9,325.0,1.5,5.2,166.0,0.0,0.10000000000000142,0.0,,,
Peshawar,2026-07-17 16:00:00,16,17,7,Friday,40.0,34,996.8,10.9,0.0,2,,79,37.0,67.1,327.0,1.0,4.9,160.0,-1.0,-0.3999999999999986,1.0,,,
Peshawar,2026-07-17 17:00:00,17,17,7,Friday,39.7,36,996.2,11.2,0.0,1,,79,34.5,63.6,353.0,4.6,5.0,139.0,0.0,-0.29999999999999716,2.0,,,
Peshawar,2026-07-17 18:00:00,18,17,7,Friday,38.8,38,996.2,11.5,0.0,1,,79,36.0,57.9,419.0,14.7,5.7,119.0,0.0,-0.9000000000000057,2.0,,,
Peshawar,2026-07-17 19:00:00,19,17,7,Friday,37.2,43,996.5,12.2,0.0,1,,79,41.1,61.0,510.0,28.8,6.8,92.0,0.0,-1.5999999999999943,5.0,,,
Peshawar,2026-07-17 20:00:00,20,17,7,Friday,35.8,47,996.9,9.5,0.0,0,,79,48.4,68.9,584.0,41.2,8.0,68.0,0.0,-1.4000000000000057,4.0,,,
Peshawar,2026-07-17 21:00:00,21,17,7,Friday,35.0,51,997.8,7.7,0.0,0,,79,54.0,75.0,628.0,50.5,9.5,52.0,0.0,-0.7999999999999972,4.0,,,
Peshawar,2026-07-17 22:00:00,22,17,7,Friday,34.2,53,998.3,6.9,0.0,7,,79,60.8,82.4,655.0,58.1,11.1,41.0,0.0,-0.7999999999999972,2.0,,,
Peshawar,2026-07-17 23:00:00,23,17,7,Friday,34.7,54,997.4,1.9,0.0,5,,79,66.1,88.2,668.0,62.4,11.8,32.0,0.0,0.5,1.0,,,
Quetta,2026-07-15 00:00:00,0,15,7,Wednesday,24.0,73,1005.0,9.3,0.0,0,,89,34.7,93.4,174.0,19.1,2.3,66.0,,,,80.0,99.0,
Quetta,2026-07-15 01:00:00,1,15,7,Wednesday,23.3,77,1005.2,8.3,0.0,0,,88,39.5,96.4,170.0,19.8,2.5,54.0,-1.0,-0.6999999999999993,4.0,80.0,99.0,
Quetta,2026-07-15 02:00:00,2,15,7,Wednesday,22.5,82,1005.2,6.9,0.0,0,,87,43.1,97.3,167.0,19.7,2.6,45.0,-1.0,-0.8000000000000007,5.0,80.0,100.0,
Quetta,2026-07-15 03:00:00,3,15,7,Wednesday,21.7,86,1004.9,8.2,0.0,0,,86,46.2,101.5,164.0,18.9,2.7,40.0,-1.0,-0.8000000000000007,4.0,80.0,100.0,
Quetta,2026-07-15 04:00:00,4,15,7,Wednesday,21.1,89,1004.8,6.0,0.0,1,,86,48.7,107.1,162.0,17.2,2.7,37.0,0.0,-0.5999999999999979,3.0,80.0,100.0,
Quetta,2026-07-15 05:00:00,5,15,7,Wednesday,21.2,89,1004.7,3.2,0.0,0,,86,50.5,112.9,165.0,13.9,2.6,43.0,0.0,0.09999999999999787,0.0,80.0,99.0,
Quetta,2026-07-15 06:00:00,6,15,7,Wednesday,20.9,86,1005.1,2.5,0.0,0,,85,52.6,131.8,178.0,11.2,2.3,51.0,-1.0,-0.3000000000000007,-3.0,79.0,99.0,
Quetta,2026-07-15 07:00:00,7,15,7,Wednesday,23.0,70,1005.6,4.1,0.0,0,,84,51.2,138.3,196.0,7.4,2.0,62.0,-1.0,2.1000000000000014,-16.0,79.0,99.0,
Quetta,2026-07-15 08:00:00,8,15,7,Wednesday,25.9,54,1005.8,2.4,0.0,0,,83,48.9,168.1,202.0,4.3,1.6,75.0,-1.0,2.8999999999999986,-16.0,79.0,99.0,
Quetta,2026-07-15 09:00:00,9,15,7,Wednesday,28.9,34,1004.9,1.9,0.0,0,,81,47.0,215.6,186.0,2.5,1.2,92.0,-2.0,3.0,-20.0,78.0,99.0,
Quetta,2026-07-15 10:00:00,10,15,7,Wednesday,31.6,18,1004.3,4.4,0.0,1,,79,32.6,155.5,158.0,1.4,0.7,111.0,-2.0,2.700000000000003,-16.0,78.0,99.0,
Quetta,2026-07-15 11:00:00,11,15,7,Wednesday,33.1,11,1003.9,5.7,0.0,0,,79,18.2,85.4,135.0,0.7,0.4,125.0,0.0,1.5,-7.0,79.0,100.0,
Quetta,2026-07-15 12:00:00,12,15,7,Wednesday,34.5,9,1003.3,8.2,0.0,0,,78,12.7,58.9,123.0,0.4,0.3,130.0,-1.0,1.3999999999999986,-2.0,81.0,100.0,
Quetta,2026-07-15 13:00:00,13,15,7,Wednesday,35.1,8,1002.6,9.4,0.0,0,,78,11.6,53.6,116.0,0.4,0.3,129.0,0.0,0.6000000000000014,-1.0,83.0,100.0,
Quetta,2026-07-15 14:00:00,14,15,7,Wednesday,35.5,8,1001.7,10.6,0.0,5,,78,12.1,55.9,115.0,0.5,0.3,128.0,0.0,0.3999999999999986,0.0,86.0,98.0,
Quetta,2026-07-15 15:00:00,15,15,7,Wednesday,36.5,8,1001.0,9.8,0.0,32,,78,13.6,61.9,122.0,0.3,0.3,128.0,0.0,1.0,0.0,88.0,97.0,
Quetta,2026-07-15 16:00:00,16,15,7,Wednesday,36.0,8,1000.6,3.3,0.0,25,,78,15.6,70.8,136.0,0.2,0.4,126.0,0.0,-0.5,0.0,90.0,96.0,
Quetta,2026-07-15 17:00:00,17,15,7,Wednesday,33.9,15,1001.4,9.6,0.0,35,,78,16.6,75.4,147.0,0.9,0.5,122.0,0.0,-2.1000000000000014,7.0,92.0,94.0,
Quetta,2026-07-15 18:00:00,18,15,7,Wednesday,31.9,27,1002.0,12.7,0.0,5,,78,18.9,83.1,154.0,3.9,0.6,114.0,0.0,-2.0,12.0,93.0,92.0,
Quetta,2026-07-15 19:00:00,19,15,7,Wednesday,27.4,52,1004.2,22.4,0.0,11,,78,20.1,78.2,160.0,8.3,0.8,102.0,0.0,-4.5,25.0,94.0,90.0,
Quetta,2026-07-15 20:00:00,20,15,7,Wednesday,26.2,55,1005.4,8.4,0.0,41,,79,22.6,86.4,161.0,12.8,1.1,89.0,1.0,-1.1999999999999993,3.0,96.0,88.0,
Quetta,2026-07-15 21:00:00,21,15,7,Wednesday,26.4,55,1005.9,11.0,0.0,99,,79,25.5,89.4,154.0,17.6,1.6,76.0,0.0,0.1999999999999993,0.0,97.0,86.0,
Quetta,2026-07-15 22:00:00,22,15,7,Wednesday,26.0,59,1006.7,14.1,0.0,90,,80,30.7,91.7,142.0,22.6,2.1,62.0,1.0,-0.3999999999999986,4.0,97.0,84.0,
Quetta,2026-07-15 23:00:00,23,15,7,Wednesday,25.5,61,1006.8,11.9,0.0,28,,80,36.2,93.8,135.0,25.7,2.5,50.0,0.0,-0.5,2.0,98.0,82.0,
Quetta,2026-07-16 00:00:00,0,16,7,Thursday,24.6,66,1006.8,11.2,0.0,5,,80,40.2,92.2,137.0,25.9,2.7,41.0,0.0,-0.8999999999999986,5.0,99.0,,
Quetta,2026-07-16 01:00:00,1,16,7,Thursday,23.6,71,1007.0,9.9,0.0,2,,80,42.7,91.3,143.0,24.2,2.7,33.0,0.0,-1.0,5.0,99.0,,
Quetta,2026-07-16 02:00:00,2,16,7,Thursday,22.8,75,1007.0,8.0,0.0,8,,80,44.4,92.0,148.0,22.1,2.7,28.0,0.0,-0.8000000000000007,4.0,100.0,,
Quetta,2026-07-16 03:00:00,3,16,7,Thursday,22.0,80,1007.2,5.9,0.0,19,,80,45.4,94.1,148.0,19.9,2.7,26.0,0.0,-0.8000000000000007,5.0,100.0,,
Quetta,2026-07-16 04:00:00,4,16,7,Thursday,21.6,82,1006.9,5.7,0.0,15,,80,46.2,97.6,146.0,17.2,2.6,26.0,0.0,-0.3999999999999986,2.0,100.0,,
Quetta,2026-07-16 05:00:00,5,16,7,Thursday,21.8,79,1007.0,2.7,0.0,63,,80,48.8,107.1,147.0,14.3,2.9,33.0,0.0,0.1999999999999993,-3.0,99.0,,
Quetta,2026-07-16 06:00:00,6,16,7,Thursday,22.1,76,1007.2,3.8,0.0,100,,79,51.7,122.9,157.0,11.3,3.0,41.0,-1.0,0.3000000000000007,-3.0,99.0,,
Quetta,2026-07-16 07:00:00,7,16,7,Thursday,23.7,64,1007.5,3.8,0.0,98,,79,49.5,110.8,170.0,7.1,3.1,53.0,0.0,1.5999999999999979,-12.0,99.0,,
Quetta,2026-07-16 08:00:00,8,16,7,Thursday,25.8,49,1007.8,3.1,0.0,89,,79,47.7,134.1,176.0,3.7,2.9,65.0,0.0,2.1000000000000014,-15.0,99.0,,
Quetta,2026-07-16 09:00:00,9,16,7,Thursday,27.8,43,1007.2,2.3,0.0,19,,78,49.9,204.9,168.0,2.0,2.3,77.0,-1.0,2.0,-6.0,99.0,,
Quetta,2026-07-16 10:00:00,10,16,7,Thursday,30.3,32,1006.7,1.3,0.0,6,,78,47.4,213.3,153.0,1.2,1.4,90.0,0.0,2.5,-11.0,99.0,,
Quetta,2026-07-16 11:00:00,11,16,7,Thursday,32.4,20,1005.9,3.6,0.0,2,,79,43.8,213.7,139.0,0.7,0.8,99.0,1.0,2.099999999999998,-12.0,100.0,,
Quetta,2026-07-16 12:00:00,12,16,7,Thursday,34.1,15,1005.2,8.3,0.0,20,,81,39.2,195.6,128.0,0.4,0.6,104.0,2.0,1.7000000000000028,-5.0,100.0,,
Quetta,2026-07-16 13:00:00,13,16,7,Thursday,34.7,13,1004.4,11.5,0.0,18,,83,36.8,185.3,119.0,0.4,0.5,105.0,2.0,0.6000000000000014,-2.0,100.0,,
Quetta,2026-07-16 14:00:00,14,16,7,Thursday,35.4,12,1003.5,12.7,0.0,74,,86,35.9,180.7,114.0,0.5,0.5,106.0,3.0,0.6999999999999957,-1.0,98.0,,
Quetta,2026-07-16 15:00:00,15,16,7,Thursday,35.7,11,1002.6,6.9,0.0,97,,88,36.1,181.1,112.0,0.5,0.5,107.0,2.0,0.30000000000000426,-1.0,97.0,,
Quetta,2026-07-16 16:00:00,16,16,7,Thursday,35.0,12,1002.7,1.3,0.0,87,,90,37.4,187.7,114.0,0.5,0.6,107.0,2.0,-0.7000000000000028,1.0,96.0,,
Quetta,2026-07-16 17:00:00,17,16,7,Thursday,32.9,25,1003.3,13.3,0.0,99,,92,31.5,159.3,125.0,0.9,0.6,105.0,2.0,-2.1000000000000014,13.0,94.0,,
Quetta,2026-07-16 18:00:00,18,16,7,Thursday,31.5,24,1003.8,14.3,0.0,29,,93,32.2,162.5,152.0,1.9,0.6,101.0,1.0,-1.3999999999999986,-1.0,92.0,,
Quetta,2026-07-16 19:00:00,19,16,7,Thursday,31.4,26,1003.7,10.9,0.0,88,,94,31.8,150.4,188.0,3.3,0.7,95.0,1.0,-0.10000000000000142,2.0,90.0,,
Quetta,2026-07-16 20:00:00,20,16,7,Thursday,29.8,42,1004.4,9.9,0.0,30,,96,31.4,140.2,215.0,5.2,0.8,89.0,2.0,-1.5999999999999979,16.0,88.0,,
Quetta,2026-07-16 21:00:00,21,16,7,Thursday,27.6,54,1005.5,11.1,0.0,14,,97,31.4,138.8,227.0,7.8,0.9,84.0,1.0,-2.1999999999999993,12.0,86.0,,
Quetta,2026-07-16 22:00:00,22,16,7,Thursday,26.0,61,1006.6,8.2,0.0,12,,97,31.3,136.4,232.0,10.8,1.0,78.0,0.0,-1.6000000000000014,7.0,84.0,,
Quetta,2026-07-16 23:00:00,23,16,7,Thursday,25.3,64,1006.6,7.0,0.0,18,,98,32.2,134.1,230.0,13.8,1.2,71.0,1.0,-0.6999999999999993,3.0,82.0,,
Quetta,2026-07-17 00:00:00,0,17,7,Friday,24.2,69,1006.4,8.3,0.0,0,,99,34.2,122.0,221.0,17.2,1.5,59.0,1.0,-1.1000000000000014,5.0,,,
Quetta,2026-07-17 01:00:00,1,17,7,Friday,23.5,73,1006.1,7.6,0.0,2,,99,35.5,109.2,207.0,20.5,1.8,46.0,0.0,-0.6999999999999993,4.0,,,
Quetta,2026-07-17 02:00:00,2,17,7,Friday,22.9,77,1005.7,6.0,0.0,0,,100,36.1,96.4,193.0,22.1,2.1,36.0,1.0,-0.6000000000000014,4.0,,,
Quetta,2026-07-17 03:00:00,3,17,7,Friday,22.3,80,1005.2,5.8,0.0,0,,100,36.3,87.1,180.0,20.7,2.2,33.0,0.0,-0.5999999999999979,3.0,,,
Quetta,2026-07-17 04:00:00,4,17,7,Friday,22.2,79,1005.2,4.9,0.0,0,,100,36.7,85.9,168.0,17.6,2.3,35.0,0.0,-0.10000000000000142,-1.0,,,
Quetta,2026-07-17 05:00:00,5,17,7,Friday,22.3,73,1005.1,3.2,0.0,15,,99,35.9,109.0,166.0,16.1,2.0,39.0,-1.0,0.10000000000000142,-6.0,,,
Quetta,2026-07-17 06:00:00,6,17,7,Friday,22.1,70,1005.5,3.0,0.0,20,,99,34.8,112.9,186.0,14.1,1.8,42.0,0.0,-0.1999999999999993,-3.0,,,
Quetta,2026-07-17 07:00:00,7,17,7,Friday,24.0,59,1006.1,3.8,0.0,18,,99,32.8,108.0,216.0,11.3,1.5,47.0,0.0,1.8999999999999986,-11.0,,,
Quetta,2026-07-17 08:00:00,8,17,7,Friday,27.5,45,1006.6,1.4,0.0,0,,99,29.3,99.0,227.0,8.5,1.2,56.0,0.0,3.5,-14.0,,,
Quetta,2026-07-17 09:00:00,9,17,7,Friday,30.7,26,1005.9,5.1,0.0,4,,99,37.7,246.8,200.0,5.6,0.9,75.0,0.0,3.1999999999999993,-19.0,,,
Quetta,2026-07-17 10:00:00,10,17,7,Friday,33.0,14,1005.1,8.8,0.0,38,,99,40.5,277.5,155.0,2.7,0.7,98.0,0.0,2.3000000000000007,-12.0,,,
Quetta,2026-07-17 11:00:00,11,17,7,Friday,34.3,11,1004.5,9.7,0.0,90,,100,34.6,217.5,121.0,0.6,0.5,115.0,1.0,1.2999999999999972,-3.0,,,
Quetta,2026-07-17 12:00:00,12,17,7,Friday,35.1,10,1004.2,8.5,0.0,70,,100,26.8,150.4,112.0,0.0,0.4,120.0,0.0,0.8000000000000043,-1.0,,,
Quetta,2026-07-17 13:00:00,13,17,7,Friday,36.2,9,1003.2,8.1,0.0,5,,100,21.9,112.5,113.0,0.1,0.5,118.0,0.0,1.1000000000000014,-1.0,,,
Quetta,2026-07-17 14:00:00,14,17,7,Friday,36.9,9,1002.4,9.7,0.0,6,,98,20.0,97.1,116.0,0.4,0.5,116.0,-2.0,0.6999999999999957,0.0,,,
Quetta,2026-07-17 15:00:00,15,17,7,Friday,36.9,9,1001.9,10.4,0.0,9,,97,19.3,91.3,113.0,0.4,0.5,116.0,-1.0,0.0,0.0,,,
Quetta,2026-07-17 16:00:00,16,17,7,Friday,36.6,11,1001.6,9.8,0.0,0,,96,18.6,86.4,110.0,0.4,0.5,117.0,-1.0,-0.29999999999999716,2.0,,,
Quetta,2026-07-17 17:00:00,17,17,7,Friday,35.9,12,1001.4,9.2,0.0,0,,94,10.7,48.9,117.0,0.7,0.5,115.0,-2.0,-0.7000000000000028,1.0,,,
Quetta,2026-07-17 18:00:00,18,17,7,Friday,35.0,13,1001.4,7.3,0.0,1,,92,8.7,41.1,140.0,1.9,0.5,111.0,-2.0,-0.8999999999999986,1.0,,,
Quetta,2026-07-17 19:00:00,19,17,7,Friday,34.0,12,1001.7,2.0,0.0,2,,90,6.2,28.8,173.0,3.7,0.5,105.0,-2.0,-1.0,-1.0,,,
Quetta,2026-07-17 20:00:00,20,17,7,Friday,32.0,14,1002.1,0.9,0.0,1,,88,5.4,26.6,207.0,5.5,0.6,100.0,-2.0,-2.0,2.0,,,
Quetta,2026-07-17 21:00:00,21,17,7,Friday,31.3,15,1002.7,0.4,0.0,0,,86,5.4,25.7,243.0,7.5,0.7,96.0,-2.0,-0.6999999999999993,1.0,,,
Quetta,2026-07-17 22:00:00,22,17,7,Friday,30.0,15,1003.2,3.0,0.0,2,,84,5.5,25.1,279.0,9.5,0.9,92.0,-2.0,-1.3000000000000007,0.0,,,
Quetta,2026-07-17 23:00:00,23,17,7,Friday,29.8,15,1003.0,5.1,0.0,0,,82,6.2,26.0,300.0,11.0,1.0,88.0,-2.0,-0.1999999999999993,0.0,,,
Rawalpindi,2026-07-15 00:00:00,0,15,7,Wednesday,27.2,75,1001.2,4.3,0.0,10,,65,50.8,54.2,1426.0,87.7,8.2,11.0,,,,71.0,77.0,
Rawalpindi,2026-07-15 01:00:00,1,15,7,Wednesday,26.7,78,1001.5,3.1,0.0,4,,65,45.3,47.8,1178.0,69.8,6.3,21.0,0.0,-0.5,3.0,71.0,77.0,
Rawalpindi,2026-07-15 02:00:00,2,15,7,Wednesday,26.4,79,1001.4,2.2,0.0,2,,66,41.2,43.5,959.0,54.0,4.7,30.0,1.0,-0.3000000000000007,1.0,71.0,78.0,
Rawalpindi,2026-07-15 03:00:00,3,15,7,Wednesday,25.9,81,1001.0,3.1,0.0,7,,66,37.5,39.7,775.0,42.8,3.6,33.0,0.0,-0.5,2.0,71.0,78.0,
Rawalpindi,2026-07-15 04:00:00,4,15,7,Wednesday,25.5,83,1001.0,3.5,0.0,5,,67,34.0,36.0,619.0,33.7,2.9,34.0,1.0,-0.3999999999999986,2.0,72.0,78.0,
Rawalpindi,2026-07-15 05:00:00,5,15,7,Wednesday,26.1,81,1001.2,3.9,0.0,2,,67,38.4,41.2,554.0,34.1,3.5,37.0,0.0,0.6000000000000014,-2.0,72.0,78.0,
Rawalpindi,2026-07-15 06:00:00,6,15,7,Wednesday,26.2,79,1001.4,3.8,0.0,6,,67,36.0,38.5,665.0,32.1,4.6,63.0,0.0,0.09999999999999787,-2.0,72.0,78.0,
Rawalpindi,2026-07-15 07:00:00,7,15,7,Wednesday,27.6,74,1001.5,2.4,0.0,2,,68,33.6,36.4,866.0,29.1,6.3,99.0,1.0,1.4000000000000021,-5.0,72.0,78.0,
Rawalpindi,2026-07-15 08:00:00,8,15,7,Wednesday,29.7,64,1001.9,1.5,0.0,22,,68,27.8,36.2,967.0,25.0,8.8,134.0,0.0,2.099999999999998,-10.0,73.0,78.0,
Rawalpindi,2026-07-15 09:00:00,9,15,7,Wednesday,31.7,54,1001.8,4.1,0.0,1,,68,29.4,42.0,851.0,18.9,13.0,165.0,0.0,2.0,-10.0,73.0,79.0,
Rawalpindi,2026-07-15 10:00:00,10,15,7,Wednesday,33.2,48,1001.9,6.7,0.0,0,,71,32.2,46.3,635.0,11.8,17.9,193.0,3.0,1.5000000000000036,-6.0,73.0,79.0,
Rawalpindi,2026-07-15 11:00:00,11,15,7,Wednesday,33.9,46,1002.3,4.0,0.0,11,,75,34.9,50.8,476.0,6.5,20.8,213.0,4.0,0.6999999999999957,-2.0,76.0,79.0,
Rawalpindi,2026-07-15 12:00:00,12,15,7,Wednesday,34.1,47,1001.7,6.2,0.0,13,,76,36.2,53.0,437.0,4.4,19.8,220.0,1.0,0.20000000000000284,1.0,76.0,80.0,
Rawalpindi,2026-07-15 13:00:00,13,15,7,Wednesday,34.7,45,1001.2,6.2,0.0,7,,76,36.1,53.0,455.0,4.2,16.7,219.0,0.0,0.6000000000000014,-2.0,74.0,80.0,
Rawalpindi,2026-07-15 14:00:00,14,15,7,Wednesday,35.2,45,1000.9,6.4,0.0,6,,75,36.4,54.2,497.0,4.9,14.2,215.0,-1.0,0.5,0.0,75.0,80.0,
Rawalpindi,2026-07-15 15:00:00,15,15,7,Wednesday,35.2,45,1000.3,7.3,0.0,13,,75,35.3,53.4,533.0,4.7,13.4,212.0,0.0,0.0,0.0,75.0,80.0,
Rawalpindi,2026-07-15 16:00:00,16,15,7,Wednesday,34.1,47,1000.4,8.7,0.0,78,,74,35.6,55.1,594.0,5.3,13.3,206.0,-1.0,-1.1000000000000014,2.0,75.0,80.0,
Rawalpindi,2026-07-15 17:00:00,17,15,7,Wednesday,34.8,43,1000.4,8.9,0.3,14,,70,34.5,47.7,737.0,11.8,10.7,182.0,-4.0,0.6999999999999957,-4.0,75.0,80.0,
Rawalpindi,2026-07-15 18:00:00,18,15,7,Wednesday,31.0,56,1001.2,6.3,0.0,7,,71,38.6,46.0,1028.0,29.4,10.5,148.0,1.0,-3.799999999999997,13.0,75.0,80.0,
Rawalpindi,2026-07-15 19:00:00,19,15,7,Wednesday,29.3,67,1001.8,7.2,0.1,2,,71,41.4,46.8,1401.0,53.7,10.2,101.0,0.0,-1.6999999999999993,11.0,75.0,80.0,
Rawalpindi,2026-07-15 20:00:00,20,15,7,Wednesday,28.7,71,1001.9,3.0,0.0,20,,71,45.3,50.1,1720.0,71.9,9.7,63.0,0.0,-0.6000000000000014,4.0,75.0,80.0,
Rawalpindi,2026-07-15 21:00:00,21,15,7,Wednesday,28.4,75,1002.4,4.8,0.0,63,,71,47.0,51.0,1969.0,79.1,8.9,42.0,0.0,-0.3000000000000007,4.0,76.0,80.0,
Rawalpindi,2026-07-15 22:00:00,22,15,7,Wednesday,28.1,77,1002.8,4.8,0.0,92,,71,49.6,52.4,2164.0,80.2,8.0,30.0,0.0,-0.29999999999999716,2.0,76.0,80.0,
Rawalpindi,2026-07-15 23:00:00,23,15,7,Wednesday,28.1,78,1002.6,6.3,0.0,2,,71,51.9,54.0,2214.0,77.5,7.0,24.0,0.0,0.0,1.0,77.0,80.0,
Rawalpindi,2026-07-16 00:00:00,0,16,7,Thursday,27.5,81,1002.8,4.3,0.0,0,,71,51.5,53.0,2028.0,70.3,5.8,23.0,0.0,-0.6000000000000014,3.0,77.0,,
Rawalpindi,2026-07-16 01:00:00,1,16,7,Thursday,27.0,83,1002.8,3.7,0.0,5,,71,49.5,50.9,1697.0,59.4,4.6,27.0,0.0,-0.5,2.0,77.0,,
Rawalpindi,2026-07-16 02:00:00,2,16,7,Thursday,26.7,84,1002.8,3.4,0.0,3,,71,47.0,48.9,1408.0,48.9,3.7,33.0,0.0,-0.3000000000000007,1.0,78.0,,
Rawalpindi,2026-07-16 03:00:00,3,16,7,Thursday,26.3,85,1002.7,3.3,0.0,2,,71,44.5,46.6,1221.0,39.5,3.3,38.0,0.0,-0.3999999999999986,1.0,78.0,,
Rawalpindi,2026-07-16 04:00:00,4,16,7,Thursday,26.2,85,1002.7,2.8,0.0,2,,72,41.8,43.9,1075.0,30.6,3.3,43.0,1.0,-0.10000000000000142,0.0,78.0,,
Rawalpindi,2026-07-16 05:00:00,5,16,7,Thursday,27.2,80,1002.8,3.0,0.0,8,,72,46.4,48.8,982.0,35.4,3.6,34.0,0.0,1.0,-5.0,78.0,,
Rawalpindi,2026-07-16 06:00:00,6,16,7,Thursday,27.2,77,1003.1,4.6,0.0,0,,72,45.9,48.9,982.0,33.4,5.3,62.0,0.0,0.0,-3.0,78.0,,
Rawalpindi,2026-07-16 07:00:00,7,16,7,Thursday,28.6,71,1003.2,3.8,0.0,0,,72,44.6,47.8,1034.0,30.5,7.8,102.0,0.0,1.4000000000000021,-6.0,78.0,,
Rawalpindi,2026-07-16 08:00:00,8,16,7,Thursday,30.5,61,1003.1,2.8,0.0,0,,73,35.4,43.1,1023.0,26.3,10.6,139.0,1.0,1.8999999999999986,-10.0,78.0,,
Rawalpindi,2026-07-16 09:00:00,9,16,7,Thursday,32.2,56,1002.6,1.2,0.0,0,,73,38.2,51.3,876.0,19.9,14.4,170.0,0.0,1.7000000000000028,-5.0,79.0,,
Rawalpindi,2026-07-16 10:00:00,10,16,7,Thursday,33.8,50,1002.4,4.0,0.0,0,,73,41.7,60.5,667.0,12.3,18.5,199.0,0.0,1.5999999999999943,-6.0,79.0,,
Rawalpindi,2026-07-16 11:00:00,11,16,7,Thursday,34.8,47,1002.6,7.0,0.0,0,,76,44.9,70.8,500.0,6.6,20.4,216.0,3.0,1.0,-3.0,79.0,,
Rawalpindi,2026-07-16 12:00:00,12,16,7,Thursday,35.6,44,1001.9,8.0,0.0,1,,76,45.4,74.5,416.0,4.4,18.4,217.0,0.0,0.8000000000000043,-3.0,80.0,,
Rawalpindi,2026-07-16 13:00:00,13,16,7,Thursday,36.4,42,1001.2,7.1,0.0,9,,74,44.2,73.8,374.0,4.1,14.3,206.0,-2.0,0.7999999999999972,-2.0,80.0,,
Rawalpindi,2026-07-16 14:00:00,14,16,7,Thursday,36.4,42,1000.8,6.9,0.0,38,,75,42.3,71.5,355.0,4.4,11.0,195.0,1.0,0.0,0.0,80.0,,
Rawalpindi,2026-07-16 15:00:00,15,16,7,Thursday,36.4,41,1000.2,5.9,0.0,23,,75,40.9,69.8,330.0,1.6,9.6,190.0,0.0,0.0,-1.0,80.0,,
Rawalpindi,2026-07-16 16:00:00,16,16,7,Thursday,36.2,42,999.8,7.0,0.0,5,,75,39.6,69.2,328.0,0.0,9.1,184.0,0.0,-0.19999999999999574,1.0,80.0,,
Rawalpindi,2026-07-16 17:00:00,17,16,7,Thursday,36.4,41,999.3,9.1,0.0,15,,75,36.9,67.1,423.0,7.4,9.4,166.0,0.0,0.19999999999999574,-1.0,80.0,,
Rawalpindi,2026-07-16 18:00:00,18,16,7,Thursday,35.1,44,999.3,9.9,0.0,9,,75,40.4,66.6,667.0,37.4,10.3,123.0,0.0,-1.2999999999999972,3.0,80.0,,
Rawalpindi,2026-07-16 19:00:00,19,16,7,Thursday,33.6,49,999.4,9.0,0.0,4,,75,48.4,71.9,1007.0,78.4,11.6,63.0,0.0,-1.5,5.0,80.0,,
Rawalpindi,2026-07-16 20:00:00,20,16,7,Thursday,32.6,51,999.4,6.5,0.0,2,,75,59.4,83.4,1356.0,107.2,12.4,19.0,0.0,-1.0,2.0,80.0,,
Rawalpindi,2026-07-16 21:00:00,21,16,7,Thursday,31.7,57,999.7,4.1,0.0,2,,76,61.7,84.5,1769.0,113.3,12.4,5.0,1.0,-0.9000000000000021,6.0,80.0,,
Rawalpindi,2026-07-16 22:00:00,22,16,7,Thursday,30.8,65,1000.1,2.2,0.0,1,,76,63.3,84.5,2191.0,107.1,12.0,6.0,0.0,-0.8999999999999986,8.0,80.0,,
Rawalpindi,2026-07-16 23:00:00,23,16,7,Thursday,30.9,66,999.8,2.2,0.0,2,,77,63.3,80.6,2375.0,96.4,11.3,13.0,1.0,0.09999999999999787,1.0,80.0,,
Rawalpindi,2026-07-17 00:00:00,0,17,7,Friday,29.8,73,999.7,1.8,0.0,1,,77,59.1,73.1,2140.0,81.2,10.3,25.0,0.0,-1.0999999999999979,7.0,,,
Rawalpindi,2026-07-17 01:00:00,1,17,7,Friday,28.9,77,999.6,6.2,0.0,5,,77,55.4,68.2,1665.0,61.6,9.1,42.0,0.0,-0.9000000000000021,4.0,,,
Rawalpindi,2026-07-17 02:00:00,2,17,7,Friday,28.6,80,999.6,3.1,0.0,8,,78,52.5,64.7,1243.0,45.3,8.2,57.0,1.0,-0.29999999999999716,3.0,,,
Rawalpindi,2026-07-17 03:00:00,3,17,7,Friday,28.5,80,999.7,3.9,0.0,13,,78,49.4,61.5,956.0,35.6,7.7,64.0,0.0,-0.10000000000000142,0.0,,,
Rawalpindi,2026-07-17 04:00:00,4,17,7,Friday,28.3,80,999.9,6.2,0.0,13,,78,46.6,58.7,720.0,29.4,7.5,69.0,0.0,-0.1999999999999993,0.0,,,
Rawalpindi,2026-07-17 05:00:00,5,17,7,Friday,29.0,75,1000.1,5.7,0.0,2,,78,48.8,61.7,579.0,29.1,7.7,70.0,0.0,0.6999999999999993,-5.0,,,
Rawalpindi,2026-07-17 06:00:00,6,17,7,Friday,29.0,75,1000.8,5.3,0.0,3,,78,47.0,60.1,595.0,25.5,9.1,90.0,0.0,0.0,0.0,,,
Rawalpindi,2026-07-17 07:00:00,7,17,7,Friday,30.5,69,1001.4,6.5,0.0,2,,78,44.4,62.2,704.0,20.3,11.1,118.0,0.0,1.5,-6.0,,,
Rawalpindi,2026-07-17 08:00:00,8,17,7,Friday,31.8,65,1001.5,8.6,0.0,1,,78,46.8,80.8,760.0,15.6,12.8,142.0,0.0,1.3000000000000007,-4.0,,,
Rawalpindi,2026-07-17 09:00:00,9,17,7,Friday,33.1,60,1001.5,10.1,0.0,1,,79,50.9,92.7,686.0,11.7,14.0,159.0,1.0,1.3000000000000007,-5.0,,,
Rawalpindi,2026-07-17 10:00:00,10,17,7,Friday,34.2,56,1001.4,9.4,0.0,20,,79,51.7,95.9,558.0,8.1,14.9,172.0,0.0,1.1000000000000014,-4.0,,,
Rawalpindi,2026-07-17 11:00:00,11,17,7,Friday,34.9,52,1001.6,7.9,0.3,25,,79,51.3,98.5,456.0,5.5,15.2,181.0,0.0,0.6999999999999957,-4.0,,,
Rawalpindi,2026-07-17 12:00:00,12,17,7,Friday,35.4,50,1001.2,6.9,0.1,17,,80,47.7,91.0,408.0,4.2,14.4,187.0,1.0,0.5,-2.0,,,
Rawalpindi,2026-07-17 13:00:00,13,17,7,Friday,36.1,47,1000.7,6.2,0.0,14,,80,44.6,83.6,386.0,3.9,12.9,189.0,0.0,0.7000000000000028,-3.0,,,
Rawalpindi,2026-07-17 14:00:00,14,17,7,Friday,36.4,45,999.8,4.8,0.1,8,,80,42.0,77.3,382.0,4.3,11.7,188.0,0.0,0.29999999999999716,-2.0,,,
Rawalpindi,2026-07-17 15:00:00,15,17,7,Friday,36.9,43,999.1,2.5,0.0,4,,80,40.6,73.1,383.0,4.2,11.2,186.0,0.0,0.5,-2.0,,,
Rawalpindi,2026-07-17 16:00:00,16,17,7,Friday,36.9,42,998.6,3.6,0.0,4,,80,39.9,71.2,402.0,4.9,11.1,182.0,0.0,0.0,-1.0,,,
Rawalpindi,2026-07-17 17:00:00,17,17,7,Friday,37.3,40,997.7,5.4,0.0,7,,80,46.4,86.4,469.0,9.4,10.9,165.0,0.0,0.3999999999999986,-2.0,,,
Rawalpindi,2026-07-17 18:00:00,18,17,7,Friday,35.7,46,997.9,9.2,0.2,30,,80,47.4,76.1,625.0,22.5,11.0,139.0,0.0,-1.5999999999999943,6.0,,,
Rawalpindi,2026-07-17 19:00:00,19,17,7,Friday,33.5,59,998.3,12.0,0.0,12,,80,50.2,75.4,830.0,40.6,11.1,102.0,0.0,-2.200000000000003,13.0,,,
Rawalpindi,2026-07-17 20:00:00,20,17,7,Friday,32.6,60,998.8,9.8,0.0,5,,80,51.9,77.8,995.0,54.9,11.1,72.0,0.0,-0.8999999999999986,1.0,,,
Rawalpindi,2026-07-17 21:00:00,21,17,7,Friday,31.9,63,999.6,8.7,0.0,5,,80,55.1,82.9,1104.0,62.2,10.8,53.0,0.0,-0.7000000000000028,3.0,,,
Rawalpindi,2026-07-17 22:00:00,22,17,7,Friday,31.2,67,1000.1,7.3,0.0,9,,80,58.4,85.9,1173.0,65.7,10.3,41.0,0.0,-0.6999999999999993,4.0,,,
Rawalpindi,2026-07-17 23:00:00,23,17,7,Friday,31.7,66,999.6,9.6,0.0,19,,80,60.5,86.8,1166.0,65.6,9.8,34.0,0.0,0.5,-1.0,,,
Sialkot,2026-07-15 00:00:00,0,15,7,Wednesday,27.9,77,1000.6,4.6,0.0,90,,97,132.7,159.7,756.0,84.2,17.8,18.0,,,,107.0,97.0,
Sialkot,2026-07-15 01:00:00,1,15,7,Wednesday,27.8,80,1000.6,1.2,0.0,98,,99,129.5,153.7,739.0,80.3,15.0,11.0,2.0,-0.09999999999999787,3.0,105.0,97.0,
Sialkot,2026-07-15 02:00:00,2,15,7,Wednesday,27.7,79,1000.4,2.9,0.0,72,,100,127.1,151.3,745.0,75.9,12.6,6.0,1.0,-0.10000000000000142,-1.0,103.0,97.0,
Sialkot,2026-07-15 03:00:00,3,15,7,Wednesday,27.1,83,1000.1,2.9,0.0,100,,102,124.8,149.9,799.0,73.6,11.3,1.0,2.0,-0.5999999999999979,4.0,102.0,97.0,
Sialkot,2026-07-15 04:00:00,4,15,7,Wednesday,27.2,84,1000.2,1.9,0.0,99,,104,121.5,149.0,875.0,70.7,10.5,0.0,2.0,0.09999999999999787,1.0,100.0,97.0,
Sialkot,2026-07-15 05:00:00,5,15,7,Wednesday,27.1,76,1000.7,9.2,0.0,97,,105,118.7,139.2,933.0,62.7,9.4,7.0,1.0,-0.09999999999999787,-8.0,99.0,97.0,
Sialkot,2026-07-15 06:00:00,6,15,7,Wednesday,26.9,72,1000.6,10.3,0.0,100,,106,117.8,137.8,969.0,50.0,10.4,41.0,1.0,-0.20000000000000284,-4.0,98.0,96.0,
Sialkot,2026-07-15 07:00:00,7,15,7,Wednesday,27.1,72,1001.0,4.0,0.0,100,,108,106.2,126.2,987.0,32.2,11.7,89.0,2.0,0.20000000000000284,0.0,98.0,94.0,
Sialkot,2026-07-15 08:00:00,8,15,7,Wednesday,27.3,74,1001.9,1.7,0.0,100,,109,74.3,101.7,956.0,17.9,12.5,132.0,1.0,0.1999999999999993,2.0,98.0,93.0,
Sialkot,2026-07-15 09:00:00,9,15,7,Wednesday,28.5,71,1002.0,3.0,0.0,100,,109,66.4,94.5,839.0,10.4,12.3,166.0,0.0,1.1999999999999993,-3.0,98.0,93.0,
Sialkot,2026-07-15 10:00:00,10,15,7,Wednesday,29.9,63,1002.2,3.7,0.0,88,,109,61.5,88.7,673.0,6.3,11.5,195.0,0.0,1.3999999999999986,-8.0,97.0,93.0,
Sialkot,2026-07-15 11:00:00,11,15,7,Wednesday,30.4,61,1002.5,4.6,0.0,91,,109,57.4,83.6,535.0,3.6,10.6,213.0,0.0,0.5,-2.0,97.0,94.0,
Sialkot,2026-07-15 12:00:00,12,15,7,Wednesday,31.6,58,1002.2,2.3,0.0,63,,109,52.2,77.5,451.0,2.1,9.4,216.0,0.0,1.2000000000000028,-3.0,97.0,94.0,
Sialkot,2026-07-15 13:00:00,13,15,7,Wednesday,32.2,56,1001.8,2.5,0.0,30,,109,48.2,72.6,396.0,2.0,8.0,209.0,0.0,0.6000000000000014,-2.0,97.0,94.0,
Sialkot,2026-07-15 14:00:00,14,15,7,Wednesday,32.9,53,1001.5,2.5,0.0,3,,109,46.3,70.3,368.0,2.3,7.1,201.0,0.0,0.6999999999999957,-3.0,97.0,94.0,
Sialkot,2026-07-15 15:00:00,15,15,7,Wednesday,33.2,53,1000.8,3.6,0.0,9,,109,45.8,69.6,364.0,1.0,6.8,200.0,0.0,0.30000000000000426,0.0,97.0,94.0,
Sialkot,2026-07-15 16:00:00,16,15,7,Wednesday,33.3,52,1000.6,4.7,0.0,22,,109,45.2,69.2,387.0,0.0,6.8,199.0,0.0,0.09999999999999432,-1.0,97.0,95.0,
Sialkot,2026-07-15 17:00:00,17,15,7,Wednesday,33.0,50,1000.4,6.7,0.0,2,,109,46.9,75.2,450.0,3.9,8.7,183.0,0.0,-0.29999999999999716,-2.0,97.0,95.0,
Sialkot,2026-07-15 18:00:00,18,15,7,Wednesday,31.7,59,1000.5,6.6,0.0,1,,109,52.9,76.6,575.0,17.9,10.1,154.0,0.0,-1.3000000000000007,9.0,97.0,94.0,
Sialkot,2026-07-15 19:00:00,19,15,7,Wednesday,30.4,62,1000.6,5.1,0.0,2,,109,66.6,88.0,739.0,37.1,12.0,115.0,0.0,-1.3000000000000007,3.0,97.0,94.0,
Sialkot,2026-07-15 20:00:00,20,15,7,Wednesday,30.0,64,1001.1,0.8,0.0,2,,109,84.8,105.9,885.0,50.5,13.3,84.0,0.0,-0.3999999999999986,2.0,97.0,94.0,
Sialkot,2026-07-15 21:00:00,21,15,7,Wednesday,29.3,67,1001.8,1.0,0.0,2,,109,98.7,118.5,1007.0,52.8,13.3,71.0,0.0,-0.6999999999999993,3.0,97.0,94.0,
Sialkot,2026-07-15 22:00:00,22,15,7,Wednesday,28.3,70,1002.2,2.9,0.0,1,,109,97.1,113.9,1112.0,49.4,12.7,68.0,0.0,-1.0,3.0,97.0,93.0,
Sialkot,2026-07-15 23:00:00,23,15,7,Wednesday,27.7,73,1002.2,4.2,0.0,0,,108,88.5,101.5,1156.0,45.2,11.8,66.0,-1.0,-0.6000000000000014,3.0,97.0,93.0,
Sialkot,2026-07-16 00:00:00,0,16,7,Thursday,27.2,77,1002.2,3.4,0.0,2,,107,78.7,89.2,1097.0,40.8,10.6,65.0,-1.0,-0.5,4.0,97.0,,
Sialkot,2026-07-16 01:00:00,1,16,7,Thursday,27.0,79,1002.0,2.7,0.0,0,,105,74.3,82.9,978.0,35.7,9.1,65.0,-2.0,-0.1999999999999993,2.0,97.0,,
Sialkot,2026-07-16 02:00:00,2,16,7,Thursday,26.5,82,1002.1,2.2,0.0,2,,103,74.7,82.9,888.0,33.2,8.0,62.0,-2.0,-0.5,3.0,97.0,,
Sialkot,2026-07-16 03:00:00,3,16,7,Thursday,26.1,85,1002.0,5.7,0.0,3,,102,78.5,86.4,872.0,36.8,7.6,49.0,-1.0,-0.3999999999999986,3.0,97.0,,
Sialkot,2026-07-16 04:00:00,4,16,7,Thursday,25.7,87,1001.8,3.8,0.0,2,,100,82.9,91.0,884.0,43.0,7.5,33.0,-2.0,-0.40000000000000213,2.0,97.0,,
Sialkot,2026-07-16 05:00:00,5,16,7,Thursday,26.8,84,1001.8,3.3,0.0,0,,99,104.8,115.3,880.0,58.4,10.0,30.0,-1.0,1.1000000000000014,-3.0,97.0,,
Sialkot,2026-07-16 06:00:00,6,16,7,Thursday,27.1,84,1002.3,1.5,0.0,0,,98,111.1,120.6,843.0,45.4,10.9,70.0,-1.0,0.3000000000000007,0.0,96.0,,
Sialkot,2026-07-16 07:00:00,7,16,7,Thursday,28.6,77,1002.6,2.2,0.0,0,,98,102.4,112.0,789.0,27.5,12.1,125.0,0.0,1.5,-7.0,94.0,,
Sialkot,2026-07-16 08:00:00,8,16,7,Thursday,30.3,71,1002.5,1.3,0.0,0,,98,63.6,78.2,723.0,13.4,12.6,170.0,0.0,1.6999999999999993,-6.0,93.0,,
Sialkot,2026-07-16 09:00:00,9,16,7,Thursday,31.8,67,1002.3,1.9,0.0,0,,98,55.4,72.2,638.0,7.0,11.7,194.0,0.0,1.5,-4.0,93.0,,
Sialkot,2026-07-16 10:00:00,10,16,7,Thursday,33.2,60,1002.3,3.4,0.0,1,,97,53.8,71.9,540.0,4.5,10.1,208.0,-1.0,1.4000000000000021,-7.0,93.0,,
Sialkot,2026-07-16 11:00:00,11,16,7,Thursday,33.9,57,1002.6,4.8,0.0,2,,97,52.7,72.4,460.0,3.1,8.8,214.0,0.0,0.6999999999999957,-3.0,94.0,,
Sialkot,2026-07-16 12:00:00,12,16,7,Thursday,34.6,55,1002.2,6.3,0.1,10,,97,52.2,73.8,407.0,2.0,8.0,213.0,0.0,0.7000000000000028,-2.0,94.0,,
Sialkot,2026-07-16 13:00:00,13,16,7,Thursday,34.8,54,1001.5,7.3,0.0,19,,97,51.0,74.0,370.0,2.1,7.5,204.0,0.0,0.19999999999999574,-1.0,94.0,,
Sialkot,2026-07-16 14:00:00,14,16,7,Thursday,35.2,53,1000.9,7.2,0.0,16,,97,48.7,71.5,350.0,2.4,7.1,195.0,0.0,0.4000000000000057,-1.0,94.0,,
Sialkot,2026-07-16 15:00:00,15,16,7,Thursday,35.2,54,1000.2,6.7,0.0,22,,97,47.6,71.5,344.0,1.8,6.7,189.0,0.0,0.0,1.0,94.0,,
Sialkot,2026-07-16 16:00:00,16,16,7,Thursday,35.1,55,999.8,5.8,0.0,23,,97,47.5,71.9,354.0,1.5,6.5,181.0,0.0,-0.10000000000000142,1.0,95.0,,
Sialkot,2026-07-16 17:00:00,17,16,7,Thursday,33.5,62,999.8,11.4,0.0,3,,97,50.1,78.0,388.0,4.2,6.9,180.0,0.0,-1.6000000000000014,7.0,95.0,,
Sialkot,2026-07-16 18:00:00,18,16,7,Thursday,32.7,65,999.5,4.8,0.0,5,,97,54.4,78.7,462.0,15.1,8.6,159.0,0.0,-0.7999999999999972,3.0,94.0,,
Sialkot,2026-07-16 19:00:00,19,16,7,Thursday,31.8,69,999.4,5.6,0.0,2,,97,65.7,92.7,561.0,30.1,10.9,129.0,0.0,-0.9000000000000021,4.0,94.0,,
Sialkot,2026-07-16 20:00:00,20,16,7,Thursday,31.2,72,999.5,6.8,0.0,2,,97,82.4,109.2,646.0,41.2,12.5,103.0,0.0,-0.6000000000000014,3.0,94.0,,
Sialkot,2026-07-16 21:00:00,21,16,7,Thursday,30.9,72,999.8,6.0,0.0,2,,97,93.4,117.8,709.0,44.8,13.0,86.0,0.0,-0.3000000000000007,0.0,94.0,,
Sialkot,2026-07-16 22:00:00,22,16,7,Thursday,30.4,73,1000.1,4.2,0.0,8,,97,95.2,115.9,759.0,44.4,12.7,74.0,0.0,-0.5,1.0,93.0,,
Sialkot,2026-07-16 23:00:00,23,16,7,Thursday,30.9,73,999.7,3.8,0.0,20,,97,90.8,108.0,786.0,42.6,12.2,65.0,0.0,0.5,0.0,93.0,,
Sialkot,2026-07-17 00:00:00,0,17,7,Friday,29.9,77,999.7,3.5,0.0,38,,97,84.1,98.3,780.0,39.4,11.2,60.0,0.0,-1.0,4.0,,,
Sialkot,2026-07-17 01:00:00,1,17,7,Friday,29.3,80,999.6,4.0,0.0,34,,97,79.4,91.0,751.0,34.8,9.9,59.0,0.0,-0.5999999999999979,3.0,,,
Sialkot,2026-07-17 02:00:00,2,17,7,Friday,28.9,81,999.8,7.8,0.0,27,,97,76.1,85.7,714.0,31.3,8.8,57.0,0.0,-0.40000000000000213,1.0,,,
Sialkot,2026-07-17 03:00:00,3,17,7,Friday,28.8,80,1000.0,10.2,0.0,28,,97,73.3,81.7,672.0,30.6,8.0,51.0,0.0,-0.09999999999999787,-1.0,,,
Sialkot,2026-07-17 04:00:00,4,17,7,Friday,27.9,79,1000.1,11.3,0.0,38,,97,72.4,80.1,621.0,31.1,7.5,44.0,0.0,-0.9000000000000021,-1.0,,,
Sialkot,2026-07-17 05:00:00,5,17,7,Friday,28.4,87,1000.3,9.5,0.0,34,,97,71.5,83.1,567.0,27.8,8.4,54.0,0.0,0.5,8.0,,,
Sialkot,2026-07-17 06:00:00,6,17,7,Friday,27.8,88,1001.2,9.4,0.2,31,,96,69.2,78.9,505.0,23.7,8.6,75.0,-1.0,-0.5999999999999979,1.0,,,
Sialkot,2026-07-17 07:00:00,7,17,7,Friday,28.0,82,1001.9,15.0,0.0,11,,94,66.4,76.4,439.0,17.8,8.8,104.0,-2.0,0.1999999999999993,-6.0,,,
Sialkot,2026-07-17 08:00:00,8,17,7,Friday,29.3,78,1001.7,6.2,0.0,16,,93,64.3,82.9,390.0,12.6,9.0,128.0,-1.0,1.3000000000000007,-4.0,,,
Sialkot,2026-07-17 09:00:00,9,17,7,Friday,31.0,72,1001.9,8.1,0.0,4,,93,61.9,94.1,369.0,8.7,9.1,140.0,0.0,1.6999999999999993,-6.0,,,
Sialkot,2026-07-17 10:00:00,10,17,7,Friday,32.5,67,1001.8,7.4,0.0,5,,93,59.6,108.5,365.0,5.3,9.2,147.0,0.0,1.5,-5.0,,,
Sialkot,2026-07-17 11:00:00,11,17,7,Friday,33.9,61,1001.8,5.1,0.0,4,,94,58.3,117.8,360.0,3.0,9.2,154.0,1.0,1.3999999999999986,-6.0,,,
Sialkot,2026-07-17 12:00:00,12,17,7,Friday,34.6,58,1001.3,6.2,0.0,9,,94,56.6,116.4,345.0,2.0,9.0,163.0,0.0,0.7000000000000028,-3.0,,,
Sialkot,2026-07-17 13:00:00,13,17,7,Friday,35.3,55,1000.6,7.1,0.0,7,,94,55.9,114.6,328.0,2.0,8.7,171.0,0.0,0.6999999999999957,-3.0,,,
Sialkot,2026-07-17 14:00:00,14,17,7,Friday,35.8,53,999.6,7.2,0.0,5,,94,54.8,110.4,321.0,2.3,8.5,176.0,0.0,0.5,-2.0,,,
Sialkot,2026-07-17 15:00:00,15,17,7,Friday,35.7,52,999.0,8.1,0.0,6,,94,54.2,107.1,310.0,1.6,8.6,180.0,0.0,-0.09999999999999432,-1.0,,,
Sialkot,2026-07-17 16:00:00,16,17,7,Friday,35.5,53,998.6,8.0,0.0,13,,95,52.2,101.0,308.0,1.3,8.8,180.0,1.0,-0.20000000000000284,1.0,,,
Sialkot,2026-07-17 17:00:00,17,17,7,Friday,35.5,52,998.2,6.5,0.0,9,,95,42.4,76.4,365.0,5.3,8.2,151.0,0.0,0.0,-1.0,,,
Sialkot,2026-07-17 18:00:00,18,17,7,Friday,34.5,62,998.3,3.9,0.0,16,,94,48.3,77.5,549.0,16.1,9.5,130.0,-1.0,-1.0,10.0,,,
Sialkot,2026-07-17 19:00:00,19,17,7,Friday,33.1,67,998.5,3.8,0.0,7,,94,58.9,88.2,793.0,31.0,11.2,100.0,0.0,-1.3999999999999986,5.0,,,
Sialkot,2026-07-17 20:00:00,20,17,7,Friday,31.5,73,999.0,11.7,0.0,13,,94,73.3,103.1,936.0,41.8,12.3,75.0,0.0,-1.6000000000000014,6.0,,,
Sialkot,2026-07-17 21:00:00,21,17,7,Friday,31.0,74,999.8,9.5,0.0,15,,94,81.7,108.7,880.0,44.8,12.2,59.0,0.0,-0.5,1.0,,,
Sialkot,2026-07-17 22:00:00,22,17,7,Friday,30.9,75,1000.1,10.8,0.0,11,,93,82.0,106.6,725.0,43.8,11.5,48.0,-1.0,-0.10000000000000142,1.0,,,
Sialkot,2026-07-17 23:00:00,23,17,7,Friday,31.0,76,999.9,10.7,0.0,23,,93,78.5,102.7,611.0,42.2,10.7,40.0,0.0,0.10000000000000142,1.0,,,
Sukkur,2026-07-15 00:00:00,0,15,7,Wednesday,33.2,54,998.5,20.1,0.0,38,,143,77.5,244.0,119.0,2.9,3.2,53.0,,,,112.0,99.0,
Sukkur,2026-07-15 01:00:00,1,15,7,Wednesday,31.8,60,998.6,20.9,0.0,65,,142,77.5,241.2,110.0,3.5,2.9,48.0,-1.0,-1.4000000000000021,6.0,111.0,98.0,
Sukkur,2026-07-15 02:00:00,2,15,7,Wednesday,30.9,63,998.4,20.6,0.0,84,,142,77.1,236.6,108.0,4.0,2.9,44.0,0.0,-0.9000000000000021,3.0,111.0,98.0,
Sukkur,2026-07-15 03:00:00,3,15,7,Wednesday,30.1,67,998.3,20.6,0.0,69,,142,73.3,219.8,120.0,4.5,3.3,41.0,0.0,-0.7999999999999972,4.0,110.0,98.0,
Sukkur,2026-07-15 04:00:00,4,15,7,Wednesday,29.5,69,998.3,18.5,0.0,90,,142,67.8,198.8,139.0,5.0,4.0,38.0,0.0,-0.6000000000000014,2.0,110.0,97.0,
Sukkur,2026-07-15 05:00:00,5,15,7,Wednesday,29.8,68,998.5,13.9,0.0,34,,141,60.3,181.6,154.0,4.9,4.7,38.0,-1.0,0.3000000000000007,-1.0,111.0,97.0,
Sukkur,2026-07-15 06:00:00,6,15,7,Wednesday,29.3,71,999.0,13.4,0.0,40,,141,55.5,168.1,161.0,4.6,4.9,39.0,0.0,-0.5,3.0,111.0,97.0,
Sukkur,2026-07-15 07:00:00,7,15,7,Wednesday,29.7,70,999.5,14.8,0.0,41,,140,52.7,169.0,164.0,4.2,5.2,40.0,-1.0,0.3999999999999986,-1.0,111.0,97.0,
Sukkur,2026-07-15 08:00:00,8,15,7,Wednesday,30.5,67,999.8,14.6,0.0,28,,139,50.5,170.0,162.0,3.7,5.4,44.0,-1.0,0.8000000000000007,-3.0,111.0,97.0,
Sukkur,2026-07-15 09:00:00,9,15,7,Wednesday,32.1,62,1000.2,13.5,0.0,13,,138,48.3,163.9,154.0,2.9,5.5,54.0,-1.0,1.6000000000000014,-5.0,110.0,97.0,
Sukkur,2026-07-15 10:00:00,10,15,7,Wednesday,33.7,57,1000.5,13.1,0.0,12,,137,46.2,154.6,141.0,2.0,5.4,67.0,-1.0,1.6000000000000014,-5.0,109.0,97.0,
Sukkur,2026-07-15 11:00:00,11,15,7,Wednesday,35.3,53,1000.9,14.0,0.0,3,,135,44.2,145.8,131.0,1.3,5.3,78.0,-2.0,1.5999999999999943,-4.0,108.0,97.0,
Sukkur,2026-07-15 12:00:00,12,15,7,Wednesday,36.4,48,1000.5,13.8,0.0,4,,134,43.2,144.4,126.0,1.0,5.0,84.0,-1.0,1.1000000000000014,-5.0,107.0,97.0,
Sukkur,2026-07-15 13:00:00,13,15,7,Wednesday,37.6,44,999.8,14.5,0.0,0,,132,43.2,148.1,124.0,0.9,4.6,87.0,-2.0,1.2000000000000028,-4.0,107.0,97.0,
Sukkur,2026-07-15 14:00:00,14,15,7,Wednesday,38.4,40,999.2,14.5,0.0,0,,130,44.8,158.8,125.0,0.9,4.3,89.0,-2.0,0.7999999999999972,-4.0,107.0,96.0,
Sukkur,2026-07-15 15:00:00,15,15,7,Wednesday,38.8,38,998.8,14.1,0.0,0,,127,46.7,167.6,126.0,0.8,4.1,92.0,-3.0,0.3999999999999986,-2.0,107.0,96.0,
Sukkur,2026-07-15 16:00:00,16,15,7,Wednesday,38.8,37,998.4,12.4,0.0,9,,125,49.8,182.5,129.0,0.7,4.0,94.0,-2.0,0.0,-1.0,106.0,96.0,
Sukkur,2026-07-15 17:00:00,17,15,7,Wednesday,39.0,34,998.3,11.5,0.0,19,,123,52.9,196.5,141.0,1.4,3.8,91.0,-2.0,0.20000000000000284,-3.0,106.0,96.0,
Sukkur,2026-07-15 18:00:00,18,15,7,Wednesday,38.3,34,998.3,9.3,0.0,7,,121,55.2,205.8,171.0,3.8,4.0,84.0,-2.0,-0.7000000000000028,0.0,105.0,97.0,
Sukkur,2026-07-15 19:00:00,19,15,7,Wednesday,37.2,38,998.4,7.3,0.0,5,,119,57.0,183.9,208.0,7.1,4.3,75.0,-2.0,-1.0999999999999943,4.0,103.0,99.0,
Sukkur,2026-07-15 20:00:00,20,15,7,Wednesday,36.0,40,998.9,14.1,0.0,4,,117,57.3,150.9,231.0,9.1,4.5,69.0,-2.0,-1.2000000000000028,2.0,102.0,100.0,
Sukkur,2026-07-15 21:00:00,21,15,7,Wednesday,35.7,39,999.3,14.3,0.0,1,,116,54.8,140.2,226.0,8.5,4.7,69.0,-1.0,-0.29999999999999716,-1.0,102.0,101.0,
Sukkur,2026-07-15 22:00:00,22,15,7,Wednesday,34.9,43,1000.4,13.3,0.0,0,,114,54.2,145.8,206.0,6.6,4.8,71.0,-2.0,-0.8000000000000043,4.0,101.0,103.0,
Sukkur,2026-07-15 23:00:00,23,15,7,Wednesday,34.7,45,1000.4,14.5,0.0,0,,113,61.2,184.4,183.0,5.0,4.8,71.0,-1.0,-0.19999999999999574,2.0,100.0,105.0,
Sukkur,2026-07-16 00:00:00,0,16,7,Thursday,34.0,47,1000.2,16.9,0.0,0,,112,71.0,217.0,156.0,4.2,4.5,65.0,-1.0,-0.7000000000000028,2.0,99.0,,
Sukkur,2026-07-16 01:00:00,1,16,7,Thursday,32.7,52,1000.5,18.4,0.0,0,,111,75.9,218.9,125.0,3.7,4.0,56.0,-1.0,-1.2999999999999972,5.0,98.0,,
Sukkur,2026-07-16 02:00:00,2,16,7,Thursday,31.8,56,1000.3,17.1,0.0,0,,111,77.1,211.9,105.0,3.6,3.7,49.0,0.0,-0.9000000000000021,4.0,98.0,,
Sukkur,2026-07-16 03:00:00,3,16,7,Thursday,30.9,59,1000.2,16.6,0.0,0,,110,79.2,220.7,101.0,4.0,3.7,45.0,-1.0,-0.9000000000000021,3.0,98.0,,
Sukkur,2026-07-16 04:00:00,4,16,7,Thursday,30.1,61,1000.4,17.1,0.0,11,,110,80.8,219.3,108.0,4.8,4.0,41.0,0.0,-0.7999999999999972,2.0,97.0,,
Sukkur,2026-07-16 05:00:00,5,16,7,Thursday,29.8,67,1000.8,15.1,0.0,6,,111,74.7,197.9,120.0,5.2,4.7,40.0,1.0,-0.3000000000000007,6.0,97.0,,
Sukkur,2026-07-16 06:00:00,6,16,7,Thursday,29.3,70,1001.6,14.4,0.0,1,,111,67.1,167.6,142.0,5.3,5.5,39.0,0.0,-0.5,3.0,97.0,,
Sukkur,2026-07-16 07:00:00,7,16,7,Thursday,29.7,69,1002.2,15.2,0.0,0,,111,56.6,140.2,170.0,5.3,6.7,39.0,0.0,0.3999999999999986,-1.0,97.0,,
Sukkur,2026-07-16 08:00:00,8,16,7,Thursday,30.6,66,1002.6,16.0,0.0,0,,111,46.2,113.6,186.0,5.0,7.4,44.0,0.0,0.9000000000000021,-3.0,97.0,,
Sukkur,2026-07-16 09:00:00,9,16,7,Thursday,32.0,61,1002.6,15.6,0.0,0,,110,40.3,104.1,180.0,4.0,7.4,58.0,-1.0,1.3999999999999986,-5.0,97.0,,
Sukkur,2026-07-16 10:00:00,10,16,7,Thursday,33.7,54,1002.6,15.2,0.0,0,,109,38.9,106.6,162.0,2.7,7.0,76.0,-1.0,1.7000000000000028,-7.0,97.0,,
Sukkur,2026-07-16 11:00:00,11,16,7,Thursday,35.3,48,1002.9,15.3,0.0,0,,108,39.1,112.9,146.0,1.6,6.5,90.0,-1.0,1.5999999999999943,-6.0,97.0,,
Sukkur,2026-07-16 12:00:00,12,16,7,Thursday,36.4,44,1002.4,14.1,0.0,0,,107,40.4,124.3,136.0,1.1,5.8,96.0,-1.0,1.1000000000000014,-4.0,97.0,,
Sukkur,2026-07-16 13:00:00,13,16,7,Thursday,37.5,40,1001.6,13.2,0.0,0,,107,42.5,137.4,129.0,0.9,4.9,98.0,0.0,1.1000000000000014,-4.0,97.0,,
Sukkur,2026-07-16 14:00:00,14,16,7,Thursday,38.2,37,1000.9,12.0,0.0,0,,107,43.9,145.3,125.0,0.8,4.2,99.0,0.0,0.7000000000000028,-3.0,96.0,,
Sukkur,2026-07-16 15:00:00,15,16,7,Thursday,38.6,35,1000.0,12.0,0.0,0,,107,44.8,149.9,124.0,0.7,3.9,100.0,0.0,0.3999999999999986,-2.0,96.0,,
Sukkur,2026-07-16 16:00:00,16,16,7,Thursday,38.6,34,999.6,11.5,0.0,0,,106,45.8,152.7,127.0,0.8,3.8,99.0,-1.0,0.0,-1.0,96.0,,
Sukkur,2026-07-16 17:00:00,17,16,7,Thursday,38.4,34,999.5,12.1,0.0,0,,106,39.3,125.7,139.0,1.3,3.6,96.0,0.0,-0.20000000000000284,0.0,96.0,,
Sukkur,2026-07-16 18:00:00,18,16,7,Thursday,37.5,35,999.4,11.8,0.0,0,,105,41.3,129.9,170.0,2.9,3.8,91.0,-1.0,-0.8999999999999986,1.0,97.0,,
Sukkur,2026-07-16 19:00:00,19,16,7,Thursday,36.1,40,999.5,10.0,0.0,0,,103,43.5,121.1,211.0,5.1,4.2,84.0,-2.0,-1.3999999999999986,5.0,99.0,,
Sukkur,2026-07-16 20:00:00,20,16,7,Thursday,34.8,44,999.5,11.0,0.0,0,,102,45.3,107.6,233.0,6.4,4.5,79.0,-1.0,-1.3000000000000043,4.0,100.0,,
Sukkur,2026-07-16 21:00:00,21,16,7,Thursday,34.5,46,999.5,15.8,0.0,0,,102,45.2,105.0,222.0,6.1,4.9,80.0,0.0,-0.29999999999999716,2.0,101.0,,
Sukkur,2026-07-16 22:00:00,22,16,7,Thursday,34.2,48,1000.2,13.3,0.0,0,,101,45.1,106.4,194.0,5.0,5.3,83.0,-1.0,-0.29999999999999716,2.0,103.0,,
Sukkur,2026-07-16 23:00:00,23,16,7,Thursday,33.5,51,1000.5,10.4,0.0,0,,100,46.8,116.9,167.0,4.1,5.5,82.0,-1.0,-0.7000000000000028,3.0,105.0,,
Sukkur,2026-07-17 00:00:00,0,17,7,Friday,33.1,53,1000.0,15.9,0.0,0,,99,55.4,158.8,147.0,3.8,5.2,73.0,-1.0,-0.3999999999999986,2.0,,,
Sukkur,2026-07-17 01:00:00,1,17,7,Friday,32.2,59,1000.0,15.8,0.0,0,,98,66.8,199.3,129.0,3.7,4.6,60.0,-1.0,-0.8999999999999986,6.0,,,
Sukkur,2026-07-17 02:00:00,2,17,7,Friday,31.3,62,999.8,17.5,0.0,1,,98,72.6,206.3,117.0,3.7,4.1,50.0,0.0,-0.9000000000000021,3.0,,,
Sukkur,2026-07-17 03:00:00,3,17,7,Friday,30.5,65,999.4,17.3,0.0,1,,98,73.1,196.5,113.0,3.9,4.0,45.0,0.0,-0.8000000000000007,3.0,,,
Sukkur,2026-07-17 04:00:00,4,17,7,Friday,30.1,66,999.5,15.3,0.0,0,,97,72.2,191.4,115.0,4.1,4.0,42.0,-1.0,-0.3999999999999986,1.0,,,
Sukkur,2026-07-17 05:00:00,5,17,7,Friday,30.0,66,999.6,15.3,0.0,0,,97,68.9,179.3,121.0,4.4,4.6,43.0,0.0,-0.10000000000000142,0.0,,,
Sukkur,2026-07-17 06:00:00,6,17,7,Friday,29.5,67,1000.2,16.0,0.0,0,,97,63.6,161.6,135.0,4.5,5.0,43.0,0.0,-0.5,1.0,,,
Sukkur,2026-07-17 07:00:00,7,17,7,Friday,29.8,66,1000.8,15.9,0.0,0,,97,57.7,149.0,153.0,4.6,5.5,43.0,0.0,0.3000000000000007,-1.0,,,
Sukkur,2026-07-17 08:00:00,8,17,7,Friday,30.7,64,1001.2,16.4,0.0,0,,97,50.2,132.7,165.0,4.4,5.9,47.0,0.0,0.8999999999999986,-2.0,,,
Sukkur,2026-07-17 09:00:00,9,17,7,Friday,32.1,60,1001.3,16.5,0.0,0,,97,44.1,117.3,164.0,3.6,6.2,59.0,0.0,1.4000000000000021,-4.0,,,
Sukkur,2026-07-17 10:00:00,10,17,7,Friday,33.9,55,1001.1,16.1,0.0,0,,97,40.9,109.7,157.0,2.4,6.3,75.0,0.0,1.7999999999999972,-5.0,,,
Sukkur,2026-07-17 11:00:00,11,17,7,Friday,35.7,49,1001.3,16.0,0.0,0,,97,38.9,104.5,150.0,1.5,6.3,88.0,0.0,1.8000000000000043,-6.0,,,
Sukkur,2026-07-17 12:00:00,12,17,7,Friday,37.2,44,1000.9,15.8,0.0,0,,97,38.4,105.0,146.0,1.1,5.9,93.0,0.0,1.5,-5.0,,,
Sukkur,2026-07-17 13:00:00,13,17,7,Friday,38.4,39,1000.0,15.6,0.0,0,,97,39.9,113.4,141.0,0.9,5.3,95.0,0.0,1.1999999999999957,-5.0,,,
Sukkur,2026-07-17 14:00:00,14,17,7,Friday,39.2,37,999.0,15.6,0.0,0,,96,42.6,127.6,138.0,0.9,4.8,95.0,-1.0,0.8000000000000043,-2.0,,,
Sukkur,2026-07-17 15:00:00,15,17,7,Friday,39.8,35,998.0,14.4,0.0,41,,96,46.2,145.8,134.0,0.9,4.4,95.0,0.0,0.5999999999999943,-2.0,,,
Sukkur,2026-07-17 16:00:00,16,17,7,Friday,40.2,33,997.3,14.1,0.0,0,,96,50.9,170.9,130.0,1.0,4.0,94.0,0.0,0.4000000000000057,-2.0,,,
Sukkur,2026-07-17 17:00:00,17,17,7,Friday,40.2,33,997.0,12.3,0.0,0,,96,49.7,178.3,133.0,1.3,3.6,90.0,0.0,0.0,0.0,,,
Sukkur,2026-07-17 18:00:00,18,17,7,Friday,39.4,35,996.8,13.1,0.0,0,,97,55.2,205.8,152.0,2.2,3.7,86.0,1.0,-0.8000000000000043,2.0,,,
Sukkur,2026-07-17 19:00:00,19,17,7,Friday,38.0,38,997.1,12.2,0.0,0,,99,59.3,210.9,178.0,3.5,3.9,79.0,2.0,-1.3999999999999986,3.0,,,
Sukkur,2026-07-17 20:00:00,20,17,7,Friday,36.8,42,997.4,15.3,0.0,0,,100,60.3,192.3,190.0,4.3,4.0,73.0,1.0,-1.2000000000000028,4.0,,,
Sukkur,2026-07-17 21:00:00,21,17,7,Friday,36.2,44,998.3,17.6,0.0,0,,101,61.5,198.4,176.0,4.0,3.9,67.0,1.0,-0.5999999999999943,2.0,,,
Sukkur,2026-07-17 22:00:00,22,17,7,Friday,35.6,45,999.4,17.5,0.0,0,,103,65.7,223.5,149.0,3.2,3.8,61.0,2.0,-0.6000000000000014,1.0,,,
Sukkur,2026-07-17 23:00:00,23,17,7,Friday,34.6,47,999.6,19.3,0.0,8,,105,70.1,228.2,126.0,2.7,3.6,56.0,2.0,-1.0,2.0,,,
